id,n,v_1,v_2,v_3,v_4,v_5,k,r,seed,gens,algorithm,kind,p_1,p_2,p_3,p_4,p_5,optimised error,suzuki error,% error,time
193,5,-0.7792433087145898,-0.6344399441432538,0.2882660059625033,-0.8352754998489977,0.6970477297542357,2,50,373276626,250,CMAES,p,0.4110321483852631,0.4136108773509211,-0.6495178169285989,0.41078173873470514,0.4140100713813066,0.00866994180426547,0.028261031756097805,30.678079551695,594.7975945472717
194,5,-0.7792433087145898,-0.6344399441432538,0.2882660059625033,-0.8352754998489977,0.6970477297542357,2,50,554197088,250,CMAES,p,0.4206708905324485,0.4171217707820064,-0.6498861737142987,0.4157540620112956,0.39625847152413696,0.008893395939940218,0.028261031756097805,31.468758878632638,597.6689960956573
195,5,-0.7792433087145898,-0.6344399441432538,0.2882660059625033,-0.8352754998489977,0.6970477297542357,2,50,858138413,250,CMAES,p,0.4093865103877294,0.40888592345585784,-0.6497177676356122,0.408494510619215,0.42287035223872166,0.008714104233904018,0.028261031756097805,30.834345713594832,598.9315922260284
196,5,-0.7792433087145898,-0.6344399441432538,0.2882660059625033,-0.8352754998489977,0.6970477297542357,2,100,373276626,250,CMAES,p,0.41467565376978593,0.4136918626889693,-0.6552883546410974,0.4125875766151844,0.41432660008975614,0.0006448053327647801,0.002136765105580199,30.176706418541734,671.8843264579773
197,5,-0.7792433087145898,-0.6344399441432538,0.2882660059625033,-0.8352754998489977,0.6970477297542357,2,100,554197088,250,CMAES,p,0.41539481766949604,0.4133304053139746,-0.6552691777136499,0.4131084615440801,0.41342861390557717,0.0006575397526279084,0.002136765105580199,30.772673650965746,674.7663757801056
198,5,-0.7792433087145898,-0.6344399441432538,0.2882660059625033,-0.8352754998489977,0.6970477297542357,2,100,858138413,250,CMAES,p,0.41289917353157934,0.4116873630504952,-0.6552979804748028,0.41308529451656983,0.4176196459121786,0.0006470916472066909,0.002136765105580199,30.28370528500301,670.0569007396698
