id,n,v_1,v_2,v_3,v_4,v_5,k,r,seed,gens,algorithm,kind,p_1,p_2,p_3,p_4,p_5,optimised error,suzuki error,% error,time
217,5,-0.8441810662745777,0.5369412745423818,-0.8599370336530436,0.3059009504775074,0.3073079834653933,2,50,373276626,250,CMAES,p,0.41123428400010426,0.4165769717870222,-0.6498003131785811,0.4095936085353017,0.41231188087332865,0.008905394752084145,0.02830409158369333,31.463277052193963,570.194088935852
218,5,-0.8441810662745777,0.5369412745423818,-0.8599370336530436,0.3059009504775074,0.3073079834653933,2,50,554197088,250,CMAES,p,0.40804800711924655,0.4213624528707926,-0.6499583440706408,0.40695333075809076,0.4135104435183524,0.008915349846638883,0.02830409158369333,31.49844897963527,573.7495641708374
219,5,-0.8441810662745777,0.5369412745423818,-0.8599370336530436,0.3059009504775074,0.3073079834653933,2,50,858138413,250,CMAES,p,0.40735010286726087,0.4075526239184036,-0.6499003317402802,0.4154900564543858,0.4194265804730528,0.009037208058752026,0.02830409158369333,31.928981122851436,570.1749792098999
220,5,-0.8441810662745777,0.5369412745423818,-0.8599370336530436,0.3059009504775074,0.3073079834653933,2,100,373276626,250,CMAES,p,0.41292054386539945,0.4120712120226954,-0.6554066984888254,0.4159793236360864,0.41442866557050745,0.0006586402181866524,0.0021197214496245223,31.072017424898963,638.2166619300842
221,5,-0.8441810662745777,0.5369412745423818,-0.8599370336530436,0.3059009504775074,0.3073079834653933,2,100,554197088,250,CMAES,p,0.4124319040061766,0.41537184284817164,-0.6554116435671864,0.4167715449293793,0.4108294290375664,0.00065776184304039,0.0021197214496245223,31.0305791903414,638.762598991394
222,5,-0.8441810662745777,0.5369412745423818,-0.8599370336530436,0.3059009504775074,0.3073079834653933,2,100,858138413,250,CMAES,p,0.41421529290825293,0.412551907012723,-0.6553955133418349,0.4135632268480103,0.4150581441128192,0.0006578585156345553,0.0021197214496245223,31.035139817596573,638.5436291694641
