id,n,v_1,v_2,v_3,v_4,v_5,k,r,seed,gens,algorithm,kind,p_1,p_2,p_3,p_4,p_5,optimised error,suzuki error,% error,time
25,5,-0.14148262945720247,0.4992799373516386,-0.8450044399089445,0.5629205826890511,-0.6166066469120175,2,50,373276626,250,CMAES,p,0.41148642323104406,0.4168982387403875,-0.6503324656285246,0.41293096420382636,0.408932431116198,0.008730072831206656,0.027244667272739893,32.043235264398604,629.567019701004
26,5,-0.14148262945720247,0.4992799373516386,-0.8450044399089445,0.5629205826890511,-0.6166066469120175,2,50,554197088,250,CMAES,p,0.4046171225669532,0.40991514446904603,-0.6505705667787602,0.423908731450272,0.41204489077614836,0.008806039937099032,0.027244667272739893,32.32206820125149,631.1026387214661
27,5,-0.14148262945720247,0.4992799373516386,-0.8450044399089445,0.5629205826890511,-0.6166066469120175,2,50,858138413,250,CMAES,p,0.4125419111822777,0.4057386076525495,-0.65040009232054,0.4170371548404602,0.41499972293783527,0.008738126340602146,0.027244667272739893,32.072795212093574,632.2912976741791
28,5,-0.14148262945720247,0.4992799373516386,-0.8450044399089445,0.5629205826890511,-0.6166066469120175,2,100,373276626,250,CMAES,p,0.4156574634892053,0.4125782667203781,-0.6556352868633887,0.4169949953032448,0.4103975223787248,0.0006419130997754004,0.002038292324165652,31.49269082579502,704.0642840862274
29,5,-0.14148262945720247,0.4992799373516386,-0.8450044399089445,0.5629205826890511,-0.6166066469120175,2,100,554197088,250,CMAES,p,0.4134257491952428,0.4160602528249332,-0.6556084520202786,0.4126456425282644,0.41346971868884486,0.0006382456715214501,0.002038292324165652,31.312764315231746,700.8246302604675
30,5,-0.14148262945720247,0.4992799373516386,-0.8450044399089445,0.5629205826890511,-0.6166066469120175,2,100,858138413,250,CMAES,p,0.41333243125768326,0.41252041772680587,-0.6556035551192397,0.415287795227221,0.41445583856402535,0.0006389208221166897,0.002038292324165652,31.345887660064825,697.5624778270721
