id,n,v_1,v_2,v_3,v_4,v_5,k,r,seed,gens,algorithm,kind,p_1,p_2,p_3,p_4,p_5,optimised error,suzuki error,% error,time
91,5,-0.7969527881951413,-0.20411592444163865,-0.6407052945809155,0.5440021214015651,0.6248807496122719,2,150,373276626,250,CMAES,p,0.41635198204066504,0.4134173744594734,-0.6567828565073817,0.41398507566482184,0.4130275692743763,0.00012888103961427276,0.0003294461128921227,39.12052216456866,764.144091129303
92,5,-0.7969527881951413,-0.20411592444163865,-0.6407052945809155,0.5440021214015651,0.6248807496122719,2,150,554197088,250,CMAES,p,0.413640404131565,0.41296485552072015,-0.6567780752646181,0.4154874257829438,0.4146845364928056,0.0001287682409331266,0.0003294461128921227,39.08628327792468,766.2507131099701
93,5,-0.7969527881951413,-0.20411592444163865,-0.6407052945809155,0.5440021214015651,0.6248807496122719,2,150,858138413,250,CMAES,p,0.4136743380162593,0.4145584635198162,-0.6567738694231706,0.413641327945843,0.4148988880015454,0.0001287479173351215,0.0003294461128921227,39.08011425749621,769.1984915733337
94,5,-0.7969527881951413,-0.20411592444163865,-0.6407052945809155,0.5440021214015651,0.6248807496122719,2,200,373276626,250,CMAES,p,0.4150272447268393,0.4144864654868932,-0.6572859797840334,0.4143039019746179,0.41346808470614665,4.158610821963587e-05,0.00010533855363265285,39.47852593900151,846.0557441711426
95,5,-0.7969527881951413,-0.20411592444163865,-0.6407052945809155,0.5440021214015651,0.6248807496122719,2,200,554197088,250,CMAES,p,0.4141433862760532,0.414637058909014,-0.6572601818539677,0.4143839979642433,0.41409546071049824,4.303939325530094e-05,0.00010533855363265285,40.85815854790661,843.8735153675079
96,5,-0.7969527881951413,-0.20411592444163865,-0.6407052945809155,0.5440021214015651,0.6248807496122719,2,200,858138413,250,CMAES,p,0.4143614009830715,0.4146119428569484,-0.657805655620578,0.4144824778743774,0.41434876175758517,5.808811871835831e-05,0.00010533855363265285,55.14421521386083,837.2051818370819
