id,n,v_1,v_2,v_3,v_4,v_5,k,r,seed,gens,algorithm,kind,p_1,p_2,p_3,p_4,p_5,optimised error,suzuki error,% error,time
301,5,-0.6613672797943853,-0.4219765475525408,-0.38777852148280734,0.2765004231220407,0.5464956349373453,2,50,373276626,250,CMAES,p,0.4105721205812375,0.41367480610504415,-0.6515039869117012,0.4134484963340563,0.4137541631199196,0.007553972540663263,0.018005451914940962,41.953806971070584,601.84943318367
302,5,-0.6613672797943853,-0.4219765475525408,-0.38777852148280734,0.2765004231220407,0.5464956349373453,2,50,554197088,250,CMAES,p,0.4067429541747597,0.41943359779863026,-0.6516184602124836,0.41479127619311446,0.4105952939061804,0.007572392636175656,0.018005451914940962,42.0561098491067,605.5038998126984
303,5,-0.6613672797943853,-0.4219765475525408,-0.38777852148280734,0.2765004231220407,0.5464956349373453,2,50,858138413,250,CMAES,p,0.41315870609454824,0.41472240545801586,-0.6515215462244685,0.4099841360741594,0.4136021147359996,0.007545055982629805,0.018005451914940962,41.90428553680955,610.0233390331268
304,5,-0.6613672797943853,-0.4219765475525408,-0.38777852148280734,0.2765004231220407,0.5464956349373453,2,100,373276626,250,CMAES,p,0.41111475034295436,0.41420169387780287,-0.6559386715630633,0.4149816104011356,0.415636551731096,0.0005540163048308204,0.0013253510761743598,41.80147545735538,677.192535161972
305,5,-0.6613672797943853,-0.4219765475525408,-0.38777852148280734,0.2765004231220407,0.5464956349373453,2,100,554197088,250,CMAES,p,0.41699803782807915,0.4085696438955888,-0.6559971432547194,0.4139580958832504,0.4164672815253568,0.0005522315717482238,0.0013253510761743598,41.66681430117718,679.7657883167267
306,5,-0.6613672797943853,-0.4219765475525408,-0.38777852148280734,0.2765004231220407,0.5464956349373453,2,100,858138413,250,CMAES,p,0.4135366498486869,0.4135810818780326,-0.6559266715336735,0.41461776939979944,0.4141870754522317,0.0005520502011105192,0.0013253510761743598,41.65312957710934,683.6248986721039
