id,n,v_1,v_2,v_3,v_4,v_5,k,r,seed,gens,algorithm,kind,p_1,p_2,p_3,p_4,p_5,optimised error,suzuki error,% error,time
151,5,-0.9326835315888112,0.2103371737512847,0.08075618136680962,0.5467885771585526,0.7065320804009592,2,150,373276626,250,CMAES,p,0.4133425111853051,0.4156652846174255,-0.6570461083792057,0.41425043564180375,0.4137859753117995,0.00012571107047628288,0.0003427166320296712,36.68076151769584,720.1698486804962
152,5,-0.9326835315888112,0.2103371737512847,0.08075618136680962,0.5467885771585526,0.7065320804009592,2,150,554197088,250,CMAES,p,0.4151709206298229,0.41473302725242805,-0.6570406844060604,0.4137823703830767,0.41335247712718043,0.0001257546791750514,0.0003427166320296712,36.69348593626586,722.0661852359772
153,5,-0.9326835315888112,0.2103371737512847,0.08075618136680962,0.5467885771585526,0.7065320804009592,2,150,858138413,250,CMAES,p,0.41434118338765974,0.4134814719224729,-0.6570414929549243,0.4142924800204806,0.414924461236374,0.00012571063009371848,0.0003427166320296712,36.68063302011993,727.5666546821594
154,5,-0.9326835315888112,0.2103371737512847,0.08075618136680962,0.5467885771585526,0.7065320804009592,2,200,373276626,250,CMAES,p,0.41433750378386247,0.4148813531274277,-0.6574428338138244,0.4144019157722356,0.4138214445928254,4.020859857667896e-05,0.00010954801141487777,36.70408805907198,800.2498824596405
155,5,-0.9326835315888112,0.2103371737512847,0.08075618136680962,0.5467885771585526,0.7065320804009592,2,200,554197088,250,CMAES,p,0.4144365600394949,0.414368679972548,-0.6574443504496927,0.41456653047209024,0.4140719600722653,4.020671391663159e-05,0.00010954801141487777,36.7023676626695,793.8031651973724
156,5,-0.9326835315888112,0.2103371737512847,0.08075618136680962,0.5467885771585526,0.7065320804009592,2,200,858138413,250,CMAES,p,0.4142400584315782,0.41378574310554983,-0.6574376982728914,0.4146450929841096,0.41476619519416297,4.021092112329348e-05,0.00010954801141487777,36.706208176620926,789.7798697948456
