id,n,v_1,v_2,v_3,v_4,v_5,k,r,seed,gens,algorithm,kind,p_1,p_2,p_3,p_4,p_5,optimised error,suzuki error,% error,time
265,5,-0.7138375868617991,-0.8956106194483802,0.7837199813945919,0.08136905101121616,-0.11718969147978785,2,50,373276626,250,CMAES,p,0.40029098411222225,0.4218739781379243,-0.6502845853836733,0.4080803561827245,0.41999036708365145,0.007704415711079468,0.020408003856734785,37.75193186538406,597.3091623783112
266,5,-0.7138375868617991,-0.8956106194483802,0.7837199813945919,0.08136905101121616,-0.11718969147978785,2,50,554197088,250,CMAES,p,0.41260466514346483,0.42068267190152464,-0.650011166133613,0.40493259111848107,0.4117424187291045,0.007601401511291323,0.020408003856734785,37.24715834362608,602.2217798233032
267,5,-0.7138375868617991,-0.8956106194483802,0.7837199813945919,0.08136905101121616,-0.11718969147978785,2,50,858138413,250,CMAES,p,0.4017716122027211,0.41337802564325243,-0.6500750311551405,0.4152032577316524,0.4196733903691763,0.0077154024682161764,0.020408003856734785,37.805767395864336,593.2363710403442
268,5,-0.7138375868617991,-0.8956106194483802,0.7837199813945919,0.08136905101121616,-0.11718969147978785,2,100,373276626,250,CMAES,p,0.41351761201584397,0.4127459936081441,-0.6553706540132768,0.415773241821751,0.4133301128108051,0.0005569727698566574,0.0015074669314297233,36.94759455375973,659.2368016242981
269,5,-0.7138375868617991,-0.8956106194483802,0.7837199813945919,0.08136905101121616,-0.11718969147978785,2,100,554197088,250,CMAES,p,0.41405747761902506,0.4141851719469432,-0.6553642223143561,0.4139553467394455,0.413162525983023,0.0005570227545098568,0.0015074669314297233,36.95091035805084,652.8588559627533
270,5,-0.7138375868617991,-0.8956106194483802,0.7837199813945919,0.08136905101121616,-0.11718969147978785,2,100,858138413,250,CMAES,p,0.41341325684865055,0.4130118795128433,-0.6553660769336747,0.4136093503315236,0.41532791596110363,0.0005573723030611955,0.0015074669314297233,36.97409816695403,655.3601953983307
