id,n,v_1,v_2,v_3,v_4,v_5,k,r,seed,gens,algorithm,kind,p_1,p_2,p_3,p_4,p_5,optimised error,suzuki error,% error,time
97,5,0.6097457122035289,0.05446644913523624,-0.6144938691814952,0.2639392982633204,0.803192227352991,2,50,373276626,250,CMAES,p,0.41314832286214,0.41296617012681447,-0.6513016841595484,0.41569294433305193,0.40945873718214454,0.007152922933042937,0.017058659756184716,41.93133010024192,569.839902639389
98,5,0.6097457122035289,0.05446644913523624,-0.6144938691814952,0.2639392982633204,0.803192227352991,2,50,554197088,250,CMAES,p,0.4176932585686281,0.4088167742401544,-0.6513879766949965,0.40999548734746155,0.4148481338322915,0.007136446521668823,0.017058659756184716,41.834743313181235,574.9443597793579
99,5,0.6097457122035289,0.05446644913523624,-0.6144938691814952,0.2639392982633204,0.803192227352991,2,50,858138413,250,CMAES,p,0.4110170368827937,0.41322451698322377,-0.6513001745721597,0.41165533576490493,0.41536830581745643,0.007150686358821223,0.017058659756184716,41.91821902203483,572.5750246047974
100,5,0.6097457122035289,0.05446644913523624,-0.6144938691814952,0.2639392982633204,0.803192227352991,2,100,373276626,250,CMAES,p,0.4145997670108316,0.4131085216593576,-0.6559674046342945,0.41330106338268985,0.4149543548344169,0.0005341608932826721,0.0012602423422284313,42.38556945627924,642.4782030582428
101,5,0.6097457122035289,0.05446644913523624,-0.6144938691814952,0.2639392982633204,0.803192227352991,2,100,554197088,250,CMAES,p,0.4136722492359882,0.4130195412899266,-0.655963418539389,0.41355467265227935,0.4157133062802398,0.0005346510543437741,0.0012602423422284313,42.42446364707712,645.5242736339569
102,5,0.6097457122035289,0.05446644913523624,-0.6144938691814952,0.2639392982633204,0.803192227352991,2,100,858138413,250,CMAES,p,0.41557680682123094,0.41288061209551297,-0.6559665058711468,0.41374877429892815,0.4137566376169863,0.0005344360002185863,0.0012602423422284313,42.40739914146723,643.5786201953888
