id,n,v_1,v_2,v_3,v_4,v_5,k,r,seed,gens,algorithm,kind,p_1,p_2,p_3,p_4,p_5,optimised error,suzuki error,% error,time
259,5,0.4289562642760911,0.5189906541713716,-0.5476597497299469,-0.6116869185182203,-0.9706427775684552,2,150,373276626,250,CMAES,p,0.4141495419218831,0.4147241951727756,-0.6568316034862457,0.41429291363505466,0.41366408903386875,0.00011583136683903976,0.00029998669845463844,38.61216761801018,722.168244600296
260,5,0.4289562642760911,0.5189906541713716,-0.5476597497299469,-0.6116869185182203,-0.9706427775684552,2,150,554197088,250,CMAES,p,0.41567150974134104,0.41361163033576975,-0.6568352608199625,0.4136718294347814,0.4138794282137076,0.00011588206726985615,0.00029998669845463844,38.62906851097563,725.2587330341339
261,5,0.4289562642760911,0.5189906541713716,-0.5476597497299469,-0.6116869185182203,-0.9706427775684552,2,150,858138413,250,CMAES,p,0.41426523609202565,0.413578775897938,-0.6568322673906115,0.41409196199967363,0.414895429590608,0.0001158372728685857,0.00029998669845463844,38.6141363818175,724.2004451751709
262,5,0.4289562642760911,0.5189906541713716,-0.5476597497299469,-0.6116869185182203,-0.9706427775684552,2,200,373276626,250,CMAES,p,0.4140903967627177,0.4154211965495451,-0.6573190917592499,0.4133641882469718,0.4144430334335058,3.714927463734709e-05,9.593392018681846e-05,38.72381589848914,793.5501339435577
263,5,0.4289562642760911,0.5189906541713716,-0.5476597497299469,-0.6116869185182203,-0.9706427775684552,2,200,554197088,250,CMAES,p,0.4145378898451056,0.4144509878692458,-0.6573159628773783,0.4140149710348401,0.4143118371175,3.715004779380957e-05,9.593392018681846e-05,38.72462182454843,788.7020614147186
264,5,0.4289562642760911,0.5189906541713716,-0.5476597497299469,-0.6116869185182203,-0.9706427775684552,2,200,858138413,250,CMAES,p,0.41372329347014125,0.41480831941224966,-0.6573168376062112,0.4147855844520169,0.41399936401450765,3.714831267642688e-05,9.593392018681846e-05,38.722813165651445,786.7446138858795
