id,n,v_1,v_2,v_3,v_4,v_5,k,r,seed,gens,algorithm,kind,p_1,p_2,p_3,p_4,p_5,optimised error,suzuki error,% error,time
283,5,0.6038000311545966,0.550105940302207,-0.2271176376367594,-0.1765694399862452,-0.3667841369804095,2,150,373276626,250,CMAES,p,0.4120425129782954,0.4153638538160579,-0.6570307566334833,0.41569924647674744,0.4139245769560802,0.00011698617119873812,0.0002668767940716372,43.83527297893715,733.5262258052826
284,5,0.6038000311545966,0.550105940302207,-0.2271176376367594,-0.1765694399862452,-0.3667841369804095,2,150,554197088,250,CMAES,p,0.41550618512411397,0.4132769675793416,-0.6570226357100837,0.4139845554536134,0.4142543595818535,0.00011686904250773555,0.0002668767940716372,43.79138430311203,736.5693607330322
285,5,0.6038000311545966,0.550105940302207,-0.2271176376367594,-0.1765694399862452,-0.3667841369804095,2,150,858138413,250,CMAES,p,0.4144998722064804,0.4137301775769622,-0.6570211791719153,0.4151649617048476,0.4136255986641663,0.0001168234688768977,0.0002668767940716372,43.77430764757276,736.6224603652954
286,5,0.6038000311545966,0.550105940302207,-0.2271176376367594,-0.1765694399862452,-0.3667841369804095,2,200,373276626,250,CMAES,p,0.41404138071791496,0.41474594487402994,-0.657425351998851,0.41481376214210963,0.4138240810943517,3.739161988649244e-05,8.526445280924682e-05,43.85370298469489,807.8005740642548
287,5,0.6038000311545966,0.550105940302207,-0.2271176376367594,-0.1765694399862452,-0.3667841369804095,2,200,554197088,250,CMAES,p,0.41419764152397803,0.4137506747459098,-0.657425788496624,0.41518156711174925,0.41429572215197646,3.739551027670007e-05,8.526445280924682e-05,43.858265718729356,807.0877494812012
288,5,0.6038000311545966,0.550105940302207,-0.2271176376367594,-0.1765694399862452,-0.3667841369804095,2,200,858138413,250,CMAES,p,0.4140314752118695,0.414721082720329,-0.6574245237202502,0.41438205960381974,0.4142897231101389,3.739120659872483e-05,8.526445280924682e-05,43.85321827183508,794.0017037391663
