id,n,v_1,v_2,v_3,v_4,v_5,k,r,seed,gens,algorithm,kind,p_1,p_2,p_3,p_4,p_5,optimised error,suzuki error,% error,time
145,5,-0.9326835315888112,0.2103371737512847,0.08075618136680962,0.5467885771585526,0.7065320804009592,2,50,373276626,250,CMAES,p,0.4138369951332668,0.41528707239713913,-0.6504773382875674,0.40939328622038806,0.41187150230987774,0.008420478854436034,0.022621356102045662,37.22358118784296,564.9114027023315
146,5,-0.9326835315888112,0.2103371737512847,0.08075618136680962,0.5467885771585526,0.7065320804009592,2,50,554197088,250,CMAES,p,0.4126155452063567,0.41598447912948844,-0.6505101112897702,0.4118499541985337,0.40996953547388465,0.00843720597410122,0.022621356102045662,37.29752511759557,568.6344404220581
147,5,-0.9326835315888112,0.2103371737512847,0.08075618136680962,0.5467885771585526,0.7065320804009592,2,50,858138413,250,CMAES,p,0.4141618312748224,0.40601129070765707,-0.6506057746819207,0.41903850984895796,0.41130489015867405,0.008424154485921731,0.022621356102045662,37.239829689785616,571.4403173923492
148,5,-0.9326835315888112,0.2103371737512847,0.08075618136680962,0.5467885771585526,0.7065320804009592,2,100,373276626,250,CMAES,p,0.4139295794013774,0.4144197511758448,-0.6558735899629051,0.4139058908423538,0.41360971037950495,0.0006170576469785071,0.0016843907336165428,36.633878034559544,643.1904141902924
149,5,-0.9326835315888112,0.2103371737512847,0.08075618136680962,0.5467885771585526,0.7065320804009592,2,100,554197088,250,CMAES,p,0.41321636774941306,0.41575534266712527,-0.6558874766313902,0.41444782147657827,0.41245924855963606,0.0006172555121282087,0.0016843907336165428,36.64562502091804,639.3993234634399
150,5,-0.9326835315888112,0.2103371737512847,0.08075618136680962,0.5467885771585526,0.7065320804009592,2,100,858138413,250,CMAES,p,0.4113510248236503,0.4121209940429392,-0.6558919204535052,0.4172936793416299,0.41511767671835004,0.0006177610680411649,0.0016843907336165428,36.675639191791014,634.1358451843262
