id,n,v_1,v_2,v_3,v_4,v_5,k,r,seed,gens,algorithm,kind,p_1,p_2,p_3,p_4,p_5,optimised error,suzuki error,% error,time
61,5,0.9904540693410236,-0.24445041636106435,0.7955458787759091,0.4290968664437629,0.9265661436565148,2,50,373276626,250,CMAES,p,0.41243011231900056,0.4137320032734972,-0.650043750245385,0.4097803738459004,0.414062216480821,0.008707095429117866,0.021726149170862505,40.076570222555475,587.4313588142395
62,5,0.9904540693410236,-0.24445041636106435,0.7955458787759091,0.4290968664437629,0.9265661436565148,2,50,554197088,250,CMAES,p,0.41523661164570563,0.40956742904805366,-0.650387625062266,0.40439855383371975,0.421145771876391,0.008651631997220284,0.021726149170862505,39.82128599587823,590.8002631664276
63,5,0.9904540693410236,-0.24445041636106435,0.7955458787759091,0.4290968664437629,0.9265661436565148,2,50,858138413,250,CMAES,p,0.407415828783052,0.41462336508691805,-0.6500565431057395,0.41519115309006344,0.41278619067225725,0.00874895571851003,0.021726149170862505,40.269242605788044,591.7016739845276
64,5,0.9904540693410236,-0.24445041636106435,0.7955458787759091,0.4290968664437629,0.9265661436565148,2,100,373276626,250,CMAES,p,0.4137057636768026,0.41466765779112036,-0.6564139612300803,0.412695474518694,0.41533658250242644,0.0006432752848784437,0.0016526556537074368,38.9237336547012,659.422055721283
65,5,0.9904540693410236,-0.24445041636106435,0.7955458787759091,0.4290968664437629,0.9265661436565148,2,100,554197088,250,CMAES,p,0.4120182955817754,0.41452175417850046,-0.6564160443361328,0.4147691553443558,0.4150983551564413,0.0006435332241245029,0.0016526556537074368,38.93934121611186,655.2858836650848
66,5,0.9904540693410236,-0.24445041636106435,0.7955458787759091,0.4290968664437629,0.9265661436565148,2,100,858138413,250,CMAES,p,0.41256987079862206,0.41584766086909963,-0.6564203098669493,0.4146381762328955,0.4133560894829693,0.000643622390006404,0.0016526556537074368,38.94473652527388,653.069150686264
