id,n,v_1,v_2,v_3,v_4,v_5,k,r,seed,gens,algorithm,kind,p_1,p_2,p_3,p_4,p_5,optimised error,suzuki error,% error,time
319,5,-0.9841367855768676,-0.9650485460071668,-0.8466695032789648,0.7322006869326725,0.20714926609212614,2,150,373276626,250,CMAES,p,0.41455765336241085,0.41398580957633285,-0.6569608475377192,0.41465395690161516,0.4137617448486505,0.00012771188080572764,0.0003161556593714255,40.39525373660617,691.9828560352325
320,5,-0.9841367855768676,-0.9650485460071668,-0.8466695032789648,0.7322006869326725,0.20714926609212614,2,150,554197088,250,CMAES,p,0.4138783876564598,0.4151538707970351,-0.6569717948781459,0.41577906926560676,0.4121587842142434,0.00012775882227811672,0.0003161556593714255,40.4101013191174,688.868132352829
321,5,-0.9841367855768676,-0.9650485460071668,-0.8466695032789648,0.7322006869326725,0.20714926609212614,2,150,858138413,250,CMAES,p,0.4135510136256406,0.4146094433242734,-0.6569612070144517,0.41460585228875535,0.41419321444446716,0.0001277154875819732,0.0003161556593714255,40.39639455953268,686.2511785030365
322,5,-0.9841367855768676,-0.9650485460071668,-0.8466695032789648,0.7322006869326725,0.20714926609212614,2,200,373276626,250,CMAES,p,0.4143301917945405,0.41469399284925873,-0.6573920447651851,0.41429983287232947,0.41406748324104875,4.1028830608570775e-05,0.00010116037198207744,40.55820456634921,755.2169079780579
323,5,-0.9841367855768676,-0.9650485460071668,-0.8466695032789648,0.7322006869326725,0.20714926609212614,2,200,554197088,250,CMAES,p,0.41436696338724316,0.41437534712794305,-0.6573935636216027,0.41508386006134285,0.4135668489972548,4.103057918367182e-05,0.00010116037198207744,40.55993308421325,756.3861970901489
324,5,-0.9841367855768676,-0.9650485460071668,-0.8466695032789648,0.7322006869326725,0.20714926609212614,2,200,858138413,250,CMAES,p,0.41373948011639416,0.41503883861485574,-0.6573931481124268,0.4143004283657047,0.4143138568638912,4.102881628338881e-05,0.00010116037198207744,40.55819040548593,753.8985848426819
