id,n,v_1,v_2,v_3,v_4,v_5,k,r,seed,gens,algorithm,kind,p_1,p_2,p_3,p_4,p_5,optimised error,suzuki error,% error,time
325,5,0.7297072757774874,0.44783925539318425,0.4905816391405074,-0.2970690230290096,0.1237253392509794,2,50,373276626,250,CMAES,p,0.4122496887186606,0.41656991744939853,-0.6523561971887731,0.4101560802788839,0.4133277059116158,0.0075321010603999665,0.01719683082928151,43.799355446207294,581.2259576320648
326,5,0.7297072757774874,0.44783925539318425,0.4905816391405074,-0.2970690230290096,0.1237253392509794,2,50,554197088,250,CMAES,p,0.4132321962894393,0.41484215268192753,-0.6523437990185278,0.4101773471260565,0.4140395507173786,0.00752707569009093,0.01719683082928151,43.77013279257463,582.65971159935
327,5,0.7297072757774874,0.44783925539318425,0.4905816391405074,-0.2970690230290096,0.1237253392509794,2,50,858138413,250,CMAES,p,0.41037490093644186,0.41069402238340336,-0.6523542056251083,0.4149201140391664,0.4163128866549257,0.007549132775619879,0.01719683082928151,43.89839529482238,581.8021268844604
328,5,0.7297072757774874,0.44783925539318425,0.4905816391405074,-0.2970690230290096,0.1237253392509794,2,100,373276626,250,CMAES,p,0.4147661139064857,0.41398404704254255,-0.656212726613481,0.4144464525437441,0.41301199825596574,0.0005544726890108868,0.001264544183391246,43.84763271172588,647.2093639373779
329,5,0.7297072757774874,0.44783925539318425,0.4905816391405074,-0.2970690230290096,0.1237253392509794,2,100,554197088,250,CMAES,p,0.41343941605299084,0.41502230651125127,-0.6562202485627617,0.4155091826485651,0.41224522012698334,0.0005541883335494283,0.001264544183391246,43.82514591646847,647.1817893981934
330,5,0.7297072757774874,0.44783925539318425,0.4905816391405074,-0.2970690230290096,0.1237253392509794,2,100,858138413,250,CMAES,p,0.41316239193876225,0.4144805582632357,-0.6562120293721034,0.4146664898266235,0.413898468968781,0.0005541233855775572,0.001264544183391246,43.82000983876363,648.1114637851715
