id,n,v_1,v_2,v_3,v_4,v_5,k,r,seed,gens,algorithm,kind,p_1,p_2,p_3,p_4,p_5,optimised error,suzuki error,% error,time
103,5,0.6097457122035289,0.05446644913523624,-0.6144938691814952,0.2639392982633204,0.803192227352991,2,150,373276626,250,CMAES,p,0.4135577766980934,0.41500900563894894,-0.6570501249931164,0.4145323239800395,0.4139502144218466,0.00010932067312317018,0.0002564676894149353,42.62551488359294,722.2011861801147
104,5,0.6097457122035289,0.05446644913523624,-0.6144938691814952,0.2639392982633204,0.803192227352991,2,150,554197088,250,CMAES,p,0.41565898416948804,0.4132472145081396,-0.6570488058648646,0.4142615754687906,0.41388024260550454,0.00010945102773611418,0.0002564676894149353,42.6763417979857,724.6139376163483
105,5,0.6097457122035289,0.05446644913523624,-0.6144938691814952,0.2639392982633204,0.803192227352991,2,150,858138413,250,CMAES,p,0.41489626146805153,0.4135510834053435,-0.6570499595981173,0.41375095946032736,0.4148508540548207,0.00010932749476332003,0.0002564676894149353,42.628174727476356,727.1982560157776
106,5,0.6097457122035289,0.05446644913523624,-0.6144938691814952,0.2639392982633204,0.803192227352991,2,200,373276626,250,CMAES,p,0.41447030728211925,0.4142742008530035,-0.6574433945419101,0.41491982546353473,0.41377879987047145,3.503230545595458e-05,8.199249412535214e-05,42.72623467508664,800.6988732814789
107,5,0.6097457122035289,0.05446644913523624,-0.6144938691814952,0.2639392982633204,0.803192227352991,2,200,554197088,250,CMAES,p,0.41463205051899127,0.41420789367284033,-0.6574428676757866,0.4141366618084507,0.4144660001594683,3.502640165336113e-05,8.199249412535214e-05,42.71903425673563,797.3587327003479
108,5,0.6097457122035289,0.05446644913523624,-0.6144938691814952,0.2639392982633204,0.803192227352991,2,200,858138413,250,CMAES,p,0.41343011596997165,0.4148030555770088,-0.6574423635260657,0.4142438539634606,0.41496508141112226,3.508310293271979e-05,8.199249412535214e-05,42.78818848842906,793.7938902378082
