id,n,v_1,v_2,v_3,v_4,v_5,k,r,seed,gens,algorithm,kind,p_1,p_2,p_3,p_4,p_5,optimised error,suzuki error,% error,time
223,5,-0.8441810662745777,0.5369412745423818,-0.8599370336530436,0.3059009504775074,0.3073079834653933,2,150,373276626,250,CMAES,p,0.4146839087403254,0.41376833297969584,-0.6567669755131964,0.41554239642707513,0.4127709003895838,0.00013496158971728882,0.0004317534793630117,31.258946636956964,706.9417781829834
224,5,-0.8441810662745777,0.5369412745423818,-0.8599370336530436,0.3059009504775074,0.3073079834653933,2,150,554197088,250,CMAES,p,0.4143792017811878,0.4147059228083893,-0.6567633731219447,0.4147838944353693,0.4128929183514295,0.00013495176691123733,0.0004317534793630117,31.256671540977194,707.3947885036469
225,5,-0.8441810662745777,0.5369412745423818,-0.8599370336530436,0.3059009504775074,0.3073079834653933,2,150,858138413,250,CMAES,p,0.41413413713027153,0.41314030273758723,-0.6567615736674971,0.4144612593298625,0.41502444291302737,0.00013492911426618844,0.0004317534793630117,31.251424879136206,704.9732778072357
226,5,-0.8441810662745777,0.5369412745423818,-0.8599370336530436,0.3059009504775074,0.3073079834653933,2,200,373276626,250,CMAES,p,0.4138884074225567,0.414360484747059,-0.6572825947560736,0.41462729909796714,0.4144059272871928,4.324545821083194e-05,0.00013805973277486832,31.323730201152554,774.3962574005127
227,5,-0.8441810662745777,0.5369412745423818,-0.8599370336530436,0.3059009504775074,0.3073079834653933,2,200,554197088,250,CMAES,p,0.4141714917002202,0.4141529719796422,-0.6572818221411689,0.4146784121219394,0.4142784708175474,4.323588319067172e-05,0.00013805973277486832,31.316794782716077,774.9394314289093
228,5,-0.8441810662745777,0.5369412745423818,-0.8599370336530436,0.3059009504775074,0.3073079834653933,2,200,858138413,250,CMAES,p,0.41387807384496295,0.41493999893632655,-0.6572845897460255,0.4138527642536967,0.4146132746277368,4.324292183599901e-05,0.00013805973277486832,31.321893043581735,775.3813269138336
