id,n,v_1,v_2,v_3,v_4,v_5,k,r,seed,gens,algorithm,kind,p_1,p_2,p_3,p_4,p_5,optimised error,suzuki error,% error,time
235,5,-0.9042640046260502,0.5334598019723256,0.4152116526087895,0.5698543722161165,-0.3749625478979888,2,150,373276626,250,CMAES,p,0.41361496327595376,0.41400334768970776,-0.6570047883188306,0.41464086910094894,0.4147445052711181,0.00013530783304284026,0.00030659969990625406,44.131756516464954,744.7274453639984
236,5,-0.9042640046260502,0.5334598019723256,0.4152116526087895,0.5698543722161165,-0.3749625478979888,2,150,554197088,250,CMAES,p,0.41431111325003983,0.41426829102046675,-0.6570077534030442,0.4153972185931961,0.41303002744298156,0.0001353213673161665,0.00030659969990625406,44.13617083041581,746.2244844436646
237,5,-0.9042640046260502,0.5334598019723256,0.4152116526087895,0.5698543722161165,-0.3749625478979888,2,150,858138413,250,CMAES,p,0.4145353631853866,0.4138203606093765,-0.6570128894908227,0.4134445041577666,0.41521153875834166,0.00013569226366938838,0.00030659969990625406,44.25714170981826,745.100353717804
238,5,-0.9042640046260502,0.5334598019723256,0.4152116526087895,0.5698543722161165,-0.3749625478979888,2,200,373276626,250,CMAES,p,0.41475369099693415,0.4138668825255642,-0.6574154121233587,0.41411784526416806,0.41467664014310557,4.335725936730897e-05,9.801425010736285e-05,44.23566911935386,815.1747455596924
239,5,-0.9042640046260502,0.5334598019723256,0.4152116526087895,0.5698543722161165,-0.3749625478979888,2,200,554197088,250,CMAES,p,0.41423212891587957,0.41380664915419235,-0.6574166095989293,0.41530965652166757,0.41406782063222114,4.342106443283791e-05,9.801425010736285e-05,44.30076686326258,816.4590737819672
240,5,-0.9042640046260502,0.5334598019723256,0.4152116526087895,0.5698543722161165,-0.3749625478979888,2,200,858138413,250,CMAES,p,0.4140632236860657,0.4139430237485414,-0.6574148063383307,0.41526220630798855,0.41414599929081364,4.345429322379325e-05,9.801425010736285e-05,44.334668863144174,815.8709940910339
