id,n,v_1,v_2,v_3,v_4,v_5,k,r,seed,gens,algorithm,kind,p_1,p_2,p_3,p_4,p_5,optimised error,suzuki error,% error,time
31,5,-0.14148262945720247,0.4992799373516386,-0.8450044399089445,0.5629205826890511,-0.6166066469120175,2,150,373276626,250,CMAES,p,0.4136623629174013,0.4152945947847852,-0.6568744035612121,0.41528561268426734,0.4126303608243987,0.0001302821828731107,0.00041511284407295707,31.384763139300333,704.310825586319
32,5,-0.14148262945720247,0.4992799373516386,-0.8450044399089445,0.5629205826890511,-0.6166066469120175,2,150,554197088,250,CMAES,p,0.4129512558041399,0.4143924561994851,-0.6568689993530102,0.41434000875293,0.41518381381731845,0.0001307384989486761,0.00041511284407295707,31.494688929860843,707.392728805542
33,5,-0.14148262945720247,0.4992799373516386,-0.8450044399089445,0.5629205826890511,-0.6166066469120175,2,150,858138413,250,CMAES,p,0.4135588692074162,0.41466444733243074,-0.6568677580025969,0.41395676796867936,0.41468620233209086,0.00013032757437169494,0.00041511284407295707,31.395697876500673,706.8347387313843
34,5,-0.14148262945720247,0.4992799373516386,-0.8450044399089445,0.5629205826890511,-0.6166066469120175,2,200,373276626,250,CMAES,p,0.4137335118983646,0.4146249857341118,-0.6573378624522457,0.4147034200563058,0.41427547068978177,4.170273300809865e-05,0.00013273298957841955,31.418514071409803,771.7893855571747
35,5,-0.14148262945720247,0.4992799373516386,-0.8450044399089445,0.5629205826890511,-0.6166066469120175,2,200,554197088,250,CMAES,p,0.41506566786204274,0.41418240887626867,-0.6573380150978235,0.41375828638466167,0.4143311786673181,4.174230875289029e-05,0.00013273298957841955,31.44833012913391,770.0691819190979
36,5,-0.14148262945720247,0.4992799373516386,-0.8450044399089445,0.5629205826890511,-0.6166066469120175,2,200,858138413,250,CMAES,p,0.4137380103761862,0.414653174479107,-0.657337428881376,0.4144291201346105,0.41451665026323664,4.171877324357285e-05,0.00013273298957841955,31.430598659819317,767.7302429676056
