id,n,v_1,v_2,v_3,v_4,v_5,k,r,seed,gens,algorithm,kind,p_1,p_2,p_3,p_4,p_5,optimised error,suzuki error,% error,time
163,5,0.09779590701922157,0.6771475910702092,0.10793346269983184,0.31995019735873353,-0.14424244289484234,2,150,373276626,250,CMAES,p,0.4140883218276895,0.41435022606158356,-0.6572091207343681,0.4148048493751943,0.413964845049292,0.00011438287059835226,0.00025492958425524627,44.868417658355135,707.9336502552032
164,5,0.09779590701922157,0.6771475910702092,0.10793346269983184,0.31995019735873353,-0.14424244289484234,2,150,554197088,250,CMAES,p,0.41427531966844877,0.4135142026650268,-0.6572115235045098,0.41543365670559024,0.41398746634677036,0.00011438693485726357,0.00025492958425524627,44.870011925620425,711.0775792598724
165,5,0.09779590701922157,0.6771475910702092,0.10793346269983184,0.31995019735873353,-0.14424244289484234,2,150,858138413,250,CMAES,p,0.4145693295420554,0.41456656158118904,-0.6572100896676653,0.41339586359748265,0.41467745717774507,0.00011438550130542925,0.00025492958425524627,44.86944959314791,708.0465865135193
166,5,0.09779590701922157,0.6771475910702092,0.10793346269983184,0.31995019735873353,-0.14424244289484234,2,200,373276626,250,CMAES,p,0.4143319374454115,0.4132982242115792,-0.6575385278088457,0.4139260875826908,0.41598199802037145,3.6629251453614174e-05,8.14058270423793e-05,44.99585936832906,777.9115800857544
167,5,0.09779590701922157,0.6771475910702092,0.10793346269983184,0.31995019735873353,-0.14424244289484234,2,200,554197088,250,CMAES,p,0.4141397669992277,0.41393724874781557,-0.6575332739675355,0.41454422436110044,0.4149117527375551,3.659524592806997e-05,8.14058270423793e-05,44.9540865287429,779.0117707252502
168,5,0.09779590701922157,0.6771475910702092,0.10793346269983184,0.31995019735873353,-0.14424244289484234,2,200,858138413,250,CMAES,p,0.4137924865648509,0.4145942895692049,-0.6575335820550434,0.4149772342286549,0.4141692904968198,3.658576652860059e-05,8.14058270423793e-05,44.9424419084328,781.67209649086
