id,n,v_1,v_2,v_3,v_4,v_5,k,r,seed,gens,algorithm,kind,p_1,p_2,p_3,p_4,p_5,optimised error,suzuki error,% error,time
253,5,0.4289562642760911,0.5189906541713716,-0.5476597497299469,-0.6116869185182203,-0.9706427775684552,2,50,373276626,250,CMAES,p,0.4117847864803789,0.40747664909429165,-0.6503351254070253,0.41723997119955153,0.4137800838740318,0.007503839254893369,0.019823230839395113,37.85376518937991,601.9323415756226
254,5,0.4289562642760911,0.5189906541713716,-0.5476597497299469,-0.6116869185182203,-0.9706427775684552,2,50,554197088,250,CMAES,p,0.4138119030020864,0.41178427937580586,-0.6502640990177752,0.4126229582918803,0.411991267215186,0.007497879787704375,0.019823230839395113,37.82370214245644,608.3555972576141
255,5,0.4289562642760911,0.5189906541713716,-0.5476597497299469,-0.6116869185182203,-0.9706427775684552,2,50,858138413,250,CMAES,p,0.4104859449050609,0.41013844295978136,-0.6503838674970441,0.4098057132064633,0.41990087976177726,0.007499573404849706,0.019823230839395113,37.832245740415075,604.3438942432404
256,5,0.4289562642760911,0.5189906541713716,-0.5476597497299469,-0.6116869185182203,-0.9706427775684552,2,100,373276626,250,CMAES,p,0.4136845206353486,0.41196417610418706,-0.655542391599615,0.41585673235458026,0.4140327471847796,0.0005646667724164697,0.0014727943363463112,38.33982508496655,676.0765969753265
257,5,0.4289562642760911,0.5189906541713716,-0.5476597497299469,-0.6116869185182203,-0.9706427775684552,2,100,554197088,250,CMAES,p,0.41363865480045436,0.4142335531593433,-0.6555329165185215,0.41300518436878836,0.4146513108213331,0.0005645822860545512,0.0014727943363463112,38.334088617909785,676.1225500106812
258,5,0.4289562642760911,0.5189906541713716,-0.5476597497299469,-0.6116869185182203,-0.9706427775684552,2,100,858138413,250,CMAES,p,0.4128478139703752,0.4136058659456233,-0.655533304558327,0.4143804824348967,0.4146949277179615,0.000564748631518357,0.0014727943363463112,38.34538316594685,679.5626292228699
