id,n,v_1,v_2,v_3,v_4,v_5,k,r,seed,gens,algorithm,kind,p_1,p_2,p_3,p_4,p_5,optimised error,suzuki error,% error,time
241,5,-0.9990518496230064,-0.38270508552766097,-0.6302541483035222,-0.8555475726657744,-0.8066554183749486,2,50,373276626,250,CMAES,p,0.411403519508732,0.4189486340798394,-0.6531463934274924,0.41447321550001487,0.40827014347547824,0.00807494839601287,0.016672327030268757,48.43324139067528,676.0302932262421
242,5,-0.9990518496230064,-0.38270508552766097,-0.6302541483035222,-0.8555475726657744,-0.8066554183749486,2,50,554197088,250,CMAES,p,0.4122030962221479,0.41638082906854745,-0.6530825617217308,0.41379297594600944,0.4106551749515216,0.008052418935804318,0.016672327030268757,48.298110522814724,681.8357808589935
243,5,-0.9990518496230064,-0.38270508552766097,-0.6302541483035222,-0.8555475726657744,-0.8066554183749486,2,50,858138413,250,CMAES,p,0.4098773079377494,0.4127776308689031,-0.6531329827996087,0.41193677399193457,0.41849136696405814,0.008021226942137524,0.016672327030268757,48.11102210012385,688.5279157161713
244,5,-0.9990518496230064,-0.38270508552766097,-0.6302541483035222,-0.8555475726657744,-0.8066554183749486,2,100,373276626,250,CMAES,p,0.41415835181237604,0.41448061572203343,-0.6564985161598353,0.41459143733787035,0.4132638392498777,0.0006168889210413544,0.0012748634671014378,48.38862646554057,774.6789515018463
245,5,-0.9990518496230064,-0.38270508552766097,-0.6302541483035222,-0.8555475726657744,-0.8066554183749486,2,100,554197088,250,CMAES,p,0.4142930285681046,0.4150132764099028,-0.6565000521267721,0.4130257194654197,0.4141637580372047,0.0006167917829493151,0.0012748634671014378,48.381006975724915,779.5621981620789
246,5,-0.9990518496230064,-0.38270508552766097,-0.6302541483035222,-0.8555475726657744,-0.8066554183749486,2,100,858138413,250,CMAES,p,0.41317001890278365,0.4142145006599565,-0.6565018307048893,0.41555355321813303,0.41355948499964346,0.0006169619422858649,0.0012748634671014378,48.39435423532885,756.5094697475433
