id,n,v_1,v_2,v_3,v_4,v_5,k,r,seed,gens,algorithm,kind,p_1,p_2,p_3,p_4,p_5,optimised error,suzuki error,% error,time
349,5,0.8320472343336738,-0.3412856050188888,0.543920354933582,0.4764157291531057,-0.2342894059377496,2,50,373276626,250,CMAES,p,0.40312878049903517,0.41685519636122165,-0.6490810914325623,0.42132806423697655,0.4077363091914322,0.009074836293974924,0.023727295240716515,38.246400198208526,594.3413007259369
350,5,0.8320472343336738,-0.3412856050188888,0.543920354933582,0.4764157291531057,-0.2342894059377496,2,50,554197088,250,CMAES,p,0.41145417183724764,0.4189961926843064,-0.6490226207136598,0.40750170223176146,0.4110373501612026,0.00895672144606184,0.023727295240716515,37.74859862953079,597.9270174503326
351,5,0.8320472343336738,-0.3412856050188888,0.543920354933582,0.4764157291531057,-0.2342894059377496,2,50,858138413,250,CMAES,p,0.4030295281365785,0.4065827139415769,-0.6493493674490355,0.4267471105592782,0.4129568995507204,0.009035001774186856,0.023727295240716515,38.07851540820637,598.335296869278
352,5,0.8320472343336738,-0.3412856050188888,0.543920354933582,0.4764157291531057,-0.2342894059377496,2,100,373276626,250,CMAES,p,0.4107932034900783,0.416430822451386,-0.654893656250994,0.4146391754031576,0.4130287547688615,0.0007161397344705445,0.0017733698696885685,40.38298759391406,667.6919312477112
353,5,0.8320472343336738,-0.3412856050188888,0.543920354933582,0.4764157291531057,-0.2342894059377496,2,100,554197088,250,CMAES,p,0.4157198924863654,0.40866755122158593,-0.6549451336935155,0.4131897138342723,0.4173662660969959,0.0007147927911973299,0.0017733698696885685,40.30703371107003,662.5800235271454
354,5,0.8320472343336738,-0.3412856050188888,0.543920354933582,0.4764157291531057,-0.2342894059377496,2,100,858138413,250,CMAES,p,0.40628286614528164,0.4127535556590901,-0.6551251397460989,0.4141286908951075,0.4219579555442763,0.0007164156238253454,0.0017733698696885685,40.398544943766254,661.1786098480225
