id,n,v_1,v_2,v_3,v_4,v_5,k,r,seed,gens,algorithm,kind,p_1,p_2,p_3,p_4,p_5,optimised error,suzuki error,% error,time
49,5,0.5462491563061158,-0.10068357262268468,0.6027915688719194,-0.2935004274862503,0.5026005440096201,2,50,373276626,250,CMAES,p,0.4113871029067439,0.40511115733136704,-0.6498588766056482,0.41840830537541357,0.41492590561245657,0.008827734532355877,0.020807355749809072,42.42602778797051,559.3972165584564
50,5,0.5462491563061158,-0.10068357262268468,0.6027915688719194,-0.2935004274862503,0.5026005440096201,2,50,554197088,250,CMAES,p,0.4137131201253101,0.41660206218802825,-0.6497142816309065,0.411243975418077,0.40812890260925794,0.00885898918685633,0.020807355749809072,42.57623742958122,562.694503068924
51,5,0.5462491563061158,-0.10068357262268468,0.6027915688719194,-0.2935004274862503,0.5026005440096201,2,50,858138413,250,CMAES,p,0.424424982497798,0.4147357140300497,-0.6503649207484486,0.39921337118031863,0.41196376438710275,0.008780826386156597,0.020807355749809072,42.20058757940527,562.8924746513367
52,5,0.5462491563061158,-0.10068357262268468,0.6027915688719194,-0.2935004274862503,0.5026005440096201,2,100,373276626,250,CMAES,p,0.41432780924519624,0.4147300494914859,-0.6556047973775244,0.4138813409291407,0.41266158312449996,0.0006906894049498078,0.001535972243499761,44.967570727453406,628.9540777206421
53,5,0.5462491563061158,-0.10068357262268468,0.6027915688719194,-0.2935004274862503,0.5026005440096201,2,100,554197088,250,CMAES,p,0.4119902242123188,0.4150129215069918,-0.6558940990454666,0.41794585641694093,0.4109395354381676,0.00069140293656514,0.001535972243499761,45.014025448126375,625.4635736942291
54,5,0.5462491563061158,-0.10068357262268468,0.6027915688719194,-0.2935004274862503,0.5026005440096201,2,100,858138413,250,CMAES,p,0.4129017185424163,0.41417486662429676,-0.6556214805513368,0.4139286061758834,0.41461216481723706,0.0006906091904536086,0.001535972243499761,44.96234833515181,625.6289932727814
