id,n,v_1,v_2,v_3,v_4,v_5,k,r,seed,gens,algorithm,kind,p_1,p_2,p_3,p_4,p_5,optimised error,suzuki error,% error,time
127,5,0.02902000307786645,-0.4152114361802653,0.9060357844471439,-0.7379464424503042,-0.5940617730831903,2,150,373276626,250,CMAES,p,0.41510144195802395,0.41488614474492375,-0.6569301205300822,0.414200775491846,0.4127397033706248,0.00014631626291284908,0.00037379208547722097,39.14375627457357,714.1082527637482
128,5,0.02902000307786645,-0.4152114361802653,0.9060357844471439,-0.7379464424503042,-0.5940617730831903,2,150,554197088,250,CMAES,p,0.41439595207339175,0.4146012838542659,-0.6569258444701518,0.41456025663668766,0.4133662976621577,0.00014625053562255345,0.00037379208547722097,39.1261723575113,716.6814250946045
129,5,0.02902000307786645,-0.4152114361802653,0.9060357844471439,-0.7379464424503042,-0.5940617730831903,2,150,858138413,250,CMAES,p,0.41417218575407877,0.41447731550067596,-0.6569222597143258,0.41404896898531734,0.41422174201137046,0.00014623568107579018,0.00037379208547722097,39.12219834432579,722.306943655014
130,5,0.02902000307786645,-0.4152114361802653,0.9060357844471439,-0.7379464424503042,-0.5940617730831903,2,200,373276626,250,CMAES,p,0.4137806235300049,0.4144206768128491,-0.6573832139981144,0.4147016870387257,0.41447954530389125,4.6793743299758905e-05,0.00011950951049996058,39.154828016615745,796.2714335918427
131,5,0.02902000307786645,-0.4152114361802653,0.9060357844471439,-0.7379464424503042,-0.5940617730831903,2,200,554197088,250,CMAES,p,0.41361346600189897,0.41482087691101577,-0.6573837639799581,0.41456789540758204,0.4143808443006292,4.6792857213827775e-05,0.00011950951049996058,39.154086581120424,787.8324587345123
132,5,0.02902000307786645,-0.4152114361802653,0.9060357844471439,-0.7379464424503042,-0.5940617730831903,2,200,858138413,250,CMAES,p,0.41384592521210906,0.41477591250970447,-0.6573813765056714,0.414343033242701,0.41441582728933624,4.6791235029864074e-05,0.00011950951049996058,39.152729213027364,784.642618894577
