id,n,v_1,v_2,v_3,v_4,v_5,k,r,seed,gens,algorithm,kind,p_1,p_2,p_3,p_4,p_5,optimised error,suzuki error,% error,time
337,5,-0.6079946789875109,-0.06423701943454496,0.4865533969438405,0.6033969980695342,0.2085845384611682,2,50,373276626,250,CMAES,p,0.41314110707214363,0.4150550496788391,-0.6513529483691637,0.4117961461072868,0.41132988186425784,0.007226163947432793,0.016933279654487623,42.67433181804052,574.6393325328827
338,5,-0.6079946789875109,-0.06423701943454496,0.4865533969438405,0.6033969980695342,0.2085845384611682,2,50,554197088,250,CMAES,p,0.41392221704579774,0.4137875083168854,-0.6513612658692362,0.40969976234638655,0.4139214557154438,0.007218166040486294,0.016933279654487623,42.627099934378926,576.7224459648132
339,5,-0.6079946789875109,-0.06423701943454496,0.4865533969438405,0.6033969980695342,0.2085845384611682,2,50,858138413,250,CMAES,p,0.4104942702192305,0.40688052488505483,-0.6514206121034414,0.4168153786751216,0.4172012353037427,0.007266983385134774,0.016933279654487623,42.91539225367304,577.0064127445221
340,5,-0.6079946789875109,-0.06423701943454496,0.4865533969438405,0.6033969980695342,0.2085845384611682,2,100,373276626,250,CMAES,p,0.41179355454175204,0.41100864415696986,-0.6559722775649867,0.41727592515271067,0.4158915181355062,0.00053275595682302,0.001244024298291861,42.82520506669637,645.775559425354
341,5,-0.6079946789875109,-0.06423701943454496,0.4865533969438405,0.6033969980695342,0.2085845384611682,2,100,554197088,250,CMAES,p,0.4137405722710939,0.4137580267511513,-0.6559899823541959,0.41334083758397144,0.4151475265332481,0.0005306653990677834,0.001244024298291861,42.65715708257684,640.4117729663849
342,5,-0.6079946789875109,-0.06423701943454496,0.4865533969438405,0.6033969980695342,0.2085845384611682,2,100,858138413,250,CMAES,p,0.4148403005401807,0.4123392983873031,-0.6559984524008396,0.41523130827089727,0.41358450229328253,0.0005305976338181416,0.001244024298291861,42.6517098216403,639.1320147514343
