id,n,v_1,v_2,v_3,v_4,v_5,k,r,seed,gens,algorithm,kind,p_1,p_2,p_3,p_4,p_5,optimised error,suzuki error,% error,time
289,5,-0.8060005073705072,-0.6661853372842408,-0.42502530987427023,0.8072780130507247,-0.07437962025411693,2,50,373276626,250,CMAES,p,0.4164741634863186,0.41176036007952926,-0.6507597969860673,0.40723584085925263,0.4152321632282968,0.007852639862993989,0.01874613832384586,41.88937330631508,584.626748085022
290,5,-0.8060005073705072,-0.6661853372842408,-0.42502530987427023,0.8072780130507247,-0.07437962025411693,2,50,554197088,250,CMAES,p,0.41124043659211573,0.4168257307332379,-0.6521670595079988,0.4156310873981519,0.40837039750452836,0.007957590399522117,0.01874613832384586,42.44922480594169,588.7659537792206
291,5,-0.8060005073705072,-0.6661853372842408,-0.42502530987427023,0.8072780130507247,-0.07437962025411693,2,50,858138413,250,CMAES,p,0.4118268418058348,0.4144538514697526,-0.6512332540935646,0.4116087893373299,0.41326968629467764,0.007903611704676789,0.01874613832384586,42.161279129275755,591.5815155506134
292,5,-0.8060005073705072,-0.6661853372842408,-0.42502530987427023,0.8072780130507247,-0.07437962025411693,2,100,373276626,250,CMAES,p,0.41398969701201993,0.41387832501895233,-0.6563966009992347,0.41426204437238956,0.41425712144403304,0.0006053338222757268,0.0013924587252581333,43.47229912782588,662.5418386459351
293,5,-0.8060005073705072,-0.6661853372842408,-0.42502530987427023,0.8072780130507247,-0.07437962025411693,2,100,554197088,250,CMAES,p,0.41414197019302856,0.41392558775032634,-0.6563982291424784,0.413411938038769,0.41490932334831326,0.0006052505368405852,0.0013924587252581333,43.466317949810986,661.9016058444977
294,5,-0.8060005073705072,-0.6661853372842408,-0.42502530987427023,0.8072780130507247,-0.07437962025411693,2,100,858138413,250,CMAES,p,0.4148220681533064,0.41434237056844103,-0.6563981056423532,0.4135701270181655,0.413654127372822,0.0006053270999965985,0.0013924587252581333,43.471816364566436,666.2561869621277
