id,n,v_1,v_2,v_3,v_4,v_5,k,r,seed,gens,algorithm,kind,p_1,p_2,p_3,p_4,p_5,optimised error,suzuki error,% error,time
343,5,-0.6079946789875109,-0.06423701943454496,0.4865533969438405,0.6033969980695342,0.2085845384611682,2,150,373276626,250,CMAES,p,0.41495926887202833,0.41356118514488743,-0.6570583407812033,0.4142102465905904,0.41432698951699654,0.00010839735132145145,0.0002529205223030283,42.8582664365918,735.5338261127472
344,5,-0.6079946789875109,-0.06423701943454496,0.4865533969438405,0.6033969980695342,0.2085845384611682,2,150,554197088,250,CMAES,p,0.41491623349601314,0.41388548537036507,-0.6570574787204747,0.41403812632706516,0.4142169837133858,0.00010840384572578855,0.0002529205223030283,42.86083420146827,741.4556708335876
345,5,-0.6079946789875109,-0.06423701943454496,0.4865533969438405,0.6033969980695342,0.2085845384611682,2,150,858138413,250,CMAES,p,0.41279435680388854,0.4142547268511851,-0.6570485518840269,0.4143155738353168,0.41568328747613736,0.00010866895548157519,0.0002529205223030283,42.96565359428489,738.8934600353241
346,5,-0.6079946789875109,-0.06423701943454496,0.4865533969438405,0.6033969980695342,0.2085845384611682,2,200,373276626,250,CMAES,p,0.41354557437769607,0.4142803393821153,-0.6574528663169252,0.4159230996537506,0.4137036412955067,3.47086099487915e-05,8.083116199627573e-05,42.93963997497734,813.3446390628815
347,5,-0.6079946789875109,-0.06423701943454496,0.4865533969438405,0.6033969980695342,0.2085845384611682,2,200,554197088,250,CMAES,p,0.4149329600206805,0.4137855621236903,-0.6574480199697843,0.41444425646873867,0.41428503035014935,3.4710448905181756e-05,8.083116199627573e-05,42.94191503368593,803.6657078266144
348,5,-0.6079946789875109,-0.06423701943454496,0.4865533969438405,0.6033969980695342,0.2085845384611682,2,200,858138413,250,CMAES,p,0.41376596753914974,0.41463285957563656,-0.657447538626708,0.41461166928686927,0.4144368315132017,3.4713136935232086e-05,8.083116199627573e-05,42.94524052101526,775.9715566635132
