id,n,v_1,v_2,v_3,v_4,v_5,k,r,seed,gens,algorithm,kind,p_1,p_2,p_3,p_4,p_5,optimised error,suzuki error,% error,time
307,5,-0.6613672797943853,-0.4219765475525408,-0.38777852148280734,0.2765004231220407,0.5464956349373453,2,150,373276626,250,CMAES,p,0.4145774825206178,0.4140583015962031,-0.6570158168356598,0.41441885712548765,0.4139603416454356,0.00011262267310856787,0.00026960029163948507,41.77394335283924,721.4391100406647
308,5,-0.6613672797943853,-0.4219765475525408,-0.38777852148280734,0.2765004231220407,0.5464956349373453,2,150,554197088,250,CMAES,p,0.41487265399504,0.4148972992711012,-0.6570200146902594,0.4128013319667958,0.4144478957827718,0.00011265383282088048,0.00026960029163948507,41.78550109712917,718.8924598693848
309,5,-0.6613672797943853,-0.4219765475525408,-0.38777852148280734,0.2765004231220407,0.5464956349373453,2,150,858138413,250,CMAES,p,0.4144846167627949,0.41389075995129704,-0.6570158597003932,0.41426141996778937,0.41437822873233293,0.00011261375402166672,0.00026960029163948507,41.77063508976322,717.3051679134369
310,5,-0.6613672797943853,-0.4219765475525408,-0.38777852148280734,0.2765004231220407,0.5464956349373453,2,200,373276626,250,CMAES,p,0.4143760592135922,0.41517907142633365,-0.6574231803458662,0.41427914361725154,0.41358863963089926,3.606633591491999e-05,8.61777620494833e-05,41.851093666380756,785.921065568924
311,5,-0.6613672797943853,-0.4219765475525408,-0.38777852148280734,0.2765004231220407,0.5464956349373453,2,200,554197088,250,CMAES,p,0.4150914861291944,0.4138205388166218,-0.6574227643168671,0.41433069723641913,0.4141797752604207,3.606234060500009e-05,8.61777620494833e-05,41.846457540047375,790.2275409698486
312,5,-0.6613672797943853,-0.4219765475525408,-0.38777852148280734,0.2765004231220407,0.5464956349373453,2,200,858138413,250,CMAES,p,0.4143194236309374,0.41446625527383557,-0.657421426541262,0.41427503289790674,0.4143604480523488,3.604599732358707e-05,8.61777620494833e-05,41.827492924322456,785.6952078342438
