id,n,v_1,v_2,v_3,v_4,v_5,k,r,seed,gens,algorithm,kind,p_1,p_2,p_3,p_4,p_5,optimised error,suzuki error,% error,time
187,5,0.942634864129884,-0.0037674492744359522,-0.02614472611340513,0.3115123890434568,-0.2384673151736332,2,150,373276626,250,CMAES,p,0.41190603142310034,0.41370843434487997,-0.6568089591885201,0.4149291503619415,0.4162647038236692,0.00013662749870876865,0.00032000712320111644,42.69514295245912,720.0753328800201
188,5,0.942634864129884,-0.0037674492744359522,-0.02614472611340513,0.3115123890434568,-0.2384673151736332,2,150,554197088,250,CMAES,p,0.4138243088215019,0.4129303615209307,-0.6568077256771482,0.4131723246171121,0.4168800932614146,0.0001365515284416661,0.00032000712320111644,42.671402772446065,723.5451993942261
189,5,0.942634864129884,-0.0037674492744359522,-0.02614472611340513,0.3115123890434568,-0.2384673151736332,2,150,858138413,250,CMAES,p,0.4151629856682858,0.4128381433431421,-0.6567961409054286,0.4150169303100654,0.4137774462436188,0.0001365358501980781,0.00032000712320111644,42.66650343038419,721.6613411903381
190,5,0.942634864129884,-0.0037674492744359522,-0.02614472611340513,0.3115123890434568,-0.2384673151736332,2,200,373276626,250,CMAES,p,0.41406702603276013,0.4145873453740564,-0.6572919721093092,0.4142667691317834,0.41437062926787444,4.38232159945506e-05,0.00010224305782413523,42.86180101335526,790.9637603759766
191,5,0.942634864129884,-0.0037674492744359522,-0.02614472611340513,0.3115123890434568,-0.2384673151736332,2,200,554197088,250,CMAES,p,0.41303176097022715,0.4148312782627785,-0.6573000696909865,0.4151648437405266,0.4142719776564564,4.3836071114091034e-05,0.00010224305782413523,42.87437411104425,792.0310015678406
192,5,0.942634864129884,-0.0037674492744359522,-0.02614472611340513,0.3115123890434568,-0.2384673151736332,2,200,858138413,250,CMAES,p,0.41302035958824934,0.41500758677016036,-0.6572964627457043,0.41461648348291263,0.414651828974011,4.382949553441105e-05,0.00010224305782413523,42.86794278962261,796.6561853885651
