id,n,v_1,v_2,v_3,v_4,v_5,k,r,seed,gens,algorithm,kind,p_1,p_2,p_3,p_4,p_5,optimised error,suzuki error,% error,time
211,5,0.3476296532891101,-0.5496260650517266,-0.10859599898493257,0.15932001686603026,0.10773479349605153,2,150,373276626,250,CMAES,p,0.4142865889874973,0.4149808978209853,-0.6575254850153318,0.4144139955049786,0.41384239209337725,0.00013723271225089893,0.00026524127039037523,51.73882331694588,721.6634137630463
212,5,0.3476296532891101,-0.5496260650517266,-0.10859599898493257,0.15932001686603026,0.10773479349605153,2,150,554197088,250,CMAES,p,0.41453153634607104,0.413799297774703,-0.657529251202388,0.41461969189398507,0.41457710828622163,0.00013723349560616682,0.00026524127039037523,51.73911865381662,720.294727563858
213,5,0.3476296532891101,-0.5496260650517266,-0.10859599898493257,0.15932001686603026,0.10773479349605153,2,150,858138413,250,CMAES,p,0.41396043754534273,0.41503938067810264,-0.6575191222022766,0.4142750355572945,0.4142426676644486,0.00013723310205462357,0.00026524127039037523,51.7389702788889,715.8852989673615
214,5,0.3476296532891101,-0.5496260650517266,-0.10859599898493257,0.15932001686603026,0.10773479349605153,2,200,373276626,250,CMAES,p,0.41440877623909583,0.41418527454049064,-0.657713194640171,0.4144322390238297,0.4146863894091289,4.3816156094116015e-05,8.470698862945347e-05,51.72673093809014,784.4067733287811
215,5,0.3476296532891101,-0.5496260650517266,-0.10859599898493257,0.15932001686603026,0.10773479349605153,2,200,554197088,250,CMAES,p,0.4143151652209074,0.4143757962326083,-0.6577039510861818,0.41439273792239767,0.4146197442473201,4.382585173265037e-05,8.470698862945347e-05,51.73817702853821,784.9123342037201
216,5,0.3476296532891101,-0.5496260650517266,-0.10859599898493257,0.15932001686603026,0.10773479349605153,2,200,858138413,250,CMAES,p,0.41432492117128344,0.41446845002548627,-0.6577151307147281,0.41452414193277826,0.4143971003089354,4.381550426665402e-05,8.470698862945347e-05,51.725961429608574,785.514975309372
