id,n,v_1,v_2,v_3,v_4,v_5,k,r,seed,gens,algorithm,kind,p_1,p_2,p_3,p_4,p_5,optimised error,suzuki error,% error,time
313,5,-0.9841367855768676,-0.9650485460071668,-0.8466695032789648,0.7322006869326725,0.20714926609212614,2,50,373276626,250,CMAES,p,0.4267485234415773,0.4037899422772365,-0.6509228513404332,0.4172304353049656,0.40307904005563516,0.007878594262811683,0.020657969600075928,38.13827987617295,592.7199261188507
314,5,-0.9841367855768676,-0.9650485460071668,-0.8466695032789648,0.7322006869326725,0.20714926609212614,2,50,554197088,250,CMAES,p,0.4094361748595555,0.4130951175464803,-0.6505780788122413,0.4186200590282595,0.4093422120871153,0.0079028620541693,0.020657969600075928,38.25575410925308,593.4091312885284
315,5,-0.9841367855768676,-0.9650485460071668,-0.8466695032789648,0.7322006869326725,0.20714926609212614,2,50,858138413,250,CMAES,p,0.4082969040328239,0.41494672049826037,-0.6505893505853534,0.4072397164521156,0.42002676835434605,0.007839446625682105,0.020657969600075928,37.94877607745774,594.519199848175
316,5,-0.9841367855768676,-0.9650485460071668,-0.8466695032789648,0.7322006869326725,0.20714926609212614,2,100,373276626,250,CMAES,p,0.414067000036688,0.4155378661940388,-0.6557888544019713,0.41360592485034015,0.41257006812617375,0.000619387019732822,0.0015496853723559068,39.96856592839873,664.5658137798309
317,5,-0.9841367855768676,-0.9650485460071668,-0.8466695032789648,0.7322006869326725,0.20714926609212614,2,100,554197088,250,CMAES,p,0.4131165183542419,0.4157285576707887,-0.6557918861943007,0.4125524110174677,0.4143864027216794,0.0006191965057134142,0.0015496853723559068,39.95627220589181,664.7452230453491
318,5,-0.9841367855768676,-0.9650485460071668,-0.8466695032789648,0.7322006869326725,0.20714926609212614,2,100,858138413,250,CMAES,p,0.4131022864936825,0.41201663648750114,-0.6557995080508319,0.4134978967435894,0.4171747564705531,0.0006194690437189235,0.0015496853723559068,39.973858872861186,661.4130599498749
