id,n,v_1,v_2,v_3,v_4,v_5,k,r,seed,gens,algorithm,kind,p_1,p_2,p_3,p_4,p_5,optimised error,suzuki error,% error,time
277,5,0.6038000311545966,0.550105940302207,-0.2271176376367594,-0.1765694399862452,-0.3667841369804095,2,50,373276626,250,CMAES,p,0.4124838841073952,0.4139874838903252,-0.6514077042142071,0.4121638975009149,0.41273809213062734,0.007820441142157486,0.017964526682568677,43.532686835249656,600.499059677124
278,5,0.6038000311545966,0.550105940302207,-0.2271176376367594,-0.1765694399862452,-0.3667841369804095,2,50,554197088,250,CMAES,p,0.4143324839231689,0.40949330412971036,-0.6514365344191825,0.41434569940609206,0.4132309571272731,0.007814802038431382,0.017964526682568677,43.50129661926598,602.0398170948029
279,5,0.6038000311545966,0.550105940302207,-0.2271176376367594,-0.1765694399862452,-0.3667841369804095,2,50,858138413,250,CMAES,p,0.4096096176391113,0.4069393270958378,-0.651625535257617,0.42319572326323834,0.41184636730585983,0.007853050365263858,0.017964526682568677,43.71420691469607,601.6257770061493
280,5,0.6038000311545966,0.550105940302207,-0.2271176376367594,-0.1765694399862452,-0.3667841369804095,2,100,373276626,250,CMAES,p,0.413262921987824,0.4159107127397521,-0.6559351672884157,0.4124034079630024,0.41435537264401884,0.0005725249430834876,0.0013138450927040442,43.57628964501176,672.418164730072
281,5,0.6038000311545966,0.550105940302207,-0.2271176376367594,-0.1765694399862452,-0.3667841369804095,2,100,554197088,250,CMAES,p,0.4149538667144893,0.41175543919397245,-0.6559372068751916,0.4138695361677295,0.4153556177531795,0.0005725590605611594,0.0013138450927040442,43.578886410632094,678.5506236553192
282,5,0.6038000311545966,0.550105940302207,-0.2271176376367594,-0.1765694399862452,-0.3667841369804095,2,100,858138413,250,CMAES,p,0.41296957812129265,0.4161153031270209,-0.6559358670425242,0.41433060384214954,0.41251762867648967,0.0005726386578710345,0.0013138450927040442,43.58494475878266,668.6861846446991
