id,n,v_1,v_2,v_3,v_4,v_5,k,r,seed,gens,algorithm,kind,p_1,p_2,p_3,p_4,p_5,optimised error,suzuki error,% error,time
67,5,0.9904540693410236,-0.24445041636106435,0.7955458787759091,0.4290968664437629,0.9265661436565148,2,150,373276626,250,CMAES,p,0.41471483852164615,0.41426962492653546,-0.6572205672076539,0.41412485462358045,0.4141095782701913,0.00013085124370028,0.0003374517908755679,38.776277749413445,761.157880783081
68,5,0.9904540693410236,-0.24445041636106435,0.7955458787759091,0.4290968664437629,0.9265661436565148,2,150,554197088,250,CMAES,p,0.4141868129593729,0.41493196378794955,-0.6572214931060554,0.41419946034506633,0.4139015837963585,0.00013085513682768276,0.0003374517908755679,38.777431433438245,763.8628520965576
69,5,0.9904540693410236,-0.24445041636106435,0.7955458787759091,0.4290968664437629,0.9265661436565148,2,150,858138413,250,CMAES,p,0.41413509763732026,0.4141734078410178,-0.6572209059196836,0.4140351502642234,0.41487557927602786,0.00013084819773951227,0.0003374517908755679,38.77537511358513,761.8493831157684
70,5,0.9904540693410236,-0.24445041636106435,0.7955458787759091,0.4290968664437629,0.9265661436565148,2,200,373276626,250,CMAES,p,0.4147255646427882,0.41445258812527425,-0.657534451158306,0.4142821429144481,0.4140736282122966,4.1837688255834424e-05,0.00010799615875813195,38.73997810378984,834.3027853965759
71,5,0.9904540693410236,-0.24445041636106435,0.7955458787759091,0.4290968664437629,0.9265661436565148,2,200,554197088,250,CMAES,p,0.414428347391418,0.41434508773400586,-0.6575344886911253,0.4144350757787475,0.41432544993089265,4.183570459835805e-05,0.00010799615875813195,38.73814131857526,835.9675679206848
72,5,0.9904540693410236,-0.24445041636106435,0.7955458787759091,0.4290968664437629,0.9265661436565148,2,200,858138413,250,CMAES,p,0.4138345713012336,0.41450884484258904,-0.657534923811,0.4147051555664151,0.4144858245561502,4.183748302761721e-05,0.00010799615875813195,38.73978807090388,838.1314136981964
