id,n,v_1,v_2,v_3,v_4,v_5,k,r,seed,gens,algorithm,kind,p_1,p_2,p_3,p_4,p_5,optimised error,suzuki error,% error,time
115,5,-0.1433912950891727,0.931426958169144,-0.4432147075343016,0.2803608072686108,-0.4891034605552478,2,150,373276626,250,CMAES,p,0.41384800222395546,0.41349178022753313,-0.6570330529351113,0.41443094282869236,0.4152611080443305,0.00013442715938707082,0.00035175236119267754,38.21641990725298,725.5713911056519
116,5,-0.1433912950891727,0.931426958169144,-0.4432147075343016,0.2803608072686108,-0.4891034605552478,2,150,554197088,250,CMAES,p,0.4150524340936357,0.41420218084063515,-0.6570351320595766,0.4149888334977467,0.4127904644123008,0.0001344535785679656,0.00035175236119267754,38.22393064031677,726.5839688777924
117,5,-0.1433912950891727,0.931426958169144,-0.4432147075343016,0.2803608072686108,-0.4891034605552478,2,150,858138413,250,CMAES,p,0.414134785943437,0.4138142106688539,-0.6570311231061615,0.41462290370046867,0.41445800212885625,0.00013438812387422876,0.00035175236119267754,38.20532246565807,728.0427627563477
118,5,-0.1433912950891727,0.931426958169144,-0.4432147075343016,0.2803608072686108,-0.4891034605552478,2,200,373276626,250,CMAES,p,0.4136350351909163,0.4141756362386821,-0.6574314724009834,0.41476409652132273,0.4148563134199606,4.3054601817494864e-05,0.00011238924595903811,38.30847110869196,805.0078270435333
119,5,-0.1433912950891727,0.931426958169144,-0.4432147075343016,0.2803608072686108,-0.4891034605552478,2,200,554197088,250,CMAES,p,0.4142195183260923,0.4140998352412768,-0.6574330031513792,0.4154234233847554,0.41368983465457976,4.303750324672755e-05,0.00011238924595903811,38.29325740152505,799.5330948829651
120,5,-0.1433912950891727,0.931426958169144,-0.4432147075343016,0.2803608072686108,-0.4891034605552478,2,200,858138413,250,CMAES,p,0.41444692093879715,0.41389642779293895,-0.6574309200596975,0.41438021530196045,0.41470696457883094,4.3039178497715766e-05,0.00011238924595903811,38.29474798096076,799.2763214111328
