id,n,v_1,v_2,v_3,v_4,v_5,k,r,seed,gens,algorithm,kind,p_1,p_2,p_3,p_4,p_5,optimised error,suzuki error,% error,time
331,5,0.7297072757774874,0.44783925539318425,0.4905816391405074,-0.2970690230290096,0.1237253392509794,2,150,373276626,250,CMAES,p,0.4140073340807742,0.4149630385853854,-0.6571517964689386,0.4146220472423848,0.4135585323550092,0.00011301999229423289,0.00025682768119019003,44.006156879381535,713.793445110321
332,5,0.7297072757774874,0.44783925539318425,0.4905816391405074,-0.2970690230290096,0.1237253392509794,2,150,554197088,250,CMAES,p,0.41401918713215446,0.4142275940251325,-0.6571500129816136,0.4140534788294066,0.4148489103130024,0.0001130631731978595,0.00025682768119019003,44.02297006066577,715.9681503772736
333,5,0.7297072757774874,0.44783925539318425,0.4905816391405074,-0.2970690230290096,0.1237253392509794,2,150,858138413,250,CMAES,p,0.413607150677346,0.41432165847287417,-0.657150335991447,0.41457312051837714,0.4146475639687189,0.00011309871807834401,0.00025682768119019003,44.036810033179556,716.5435199737549
334,5,0.7297072757774874,0.44783925539318425,0.4905816391405074,-0.2970690230290096,0.1237253392509794,2,200,373276626,250,CMAES,p,0.41384179281406025,0.4147621329020783,-0.6574995535406473,0.4147663003565923,0.41412905709355785,3.616745707328073e-05,8.204431317921463e-05,44.08283240092197,782.5832476615906
335,5,0.7297072757774874,0.44783925539318425,0.4905816391405074,-0.2970690230290096,0.1237253392509794,2,200,554197088,250,CMAES,p,0.41427785559606295,0.4141161647745126,-0.6574987025521629,0.41463687143410216,0.41446754048886464,3.617211083029124e-05,8.204431317921463e-05,44.08850464904032,783.1512053012848
336,5,0.7297072757774874,0.44783925539318425,0.4905816391405074,-0.2970690230290096,0.1237253392509794,2,200,858138413,250,CMAES,p,0.4148508012410206,0.413547661547377,-0.6575002262069366,0.4145564941221626,0.4145449988957107,3.617177810207816e-05,8.204431317921463e-05,44.088099102086254,784.3879566192627
