id,n,v_1,v_2,v_3,v_4,v_5,k,r,seed,gens,algorithm,kind,p_1,p_2,p_3,p_4,p_5,optimised error,suzuki error,% error,time
109,5,-0.1433912950891727,0.931426958169144,-0.4432147075343016,0.2803608072686108,-0.4891034605552478,2,50,373276626,250,CMAES,p,0.41170602105800186,0.4089673034235426,-0.6517002721935669,0.4196307373802601,0.4113174390710522,0.008894610153584743,0.02345564923067168,37.92097189939958,581.6314580440521
110,5,-0.1433912950891727,0.931426958169144,-0.4432147075343016,0.2803608072686108,-0.4891034605552478,2,50,554197088,250,CMAES,p,0.41369645668426985,0.4136575108398007,-0.6517724831041489,0.4058259495990322,0.4185144060797329,0.00886133713153532,0.02345564923067168,37.779116853213466,585.6369903087616
111,5,-0.1433912950891727,0.931426958169144,-0.4432147075343016,0.2803608072686108,-0.4891034605552478,2,50,858138413,250,CMAES,p,0.40970140474173716,0.4048326687581613,-0.6518671579405361,0.41560430035108287,0.4216510930983671,0.008886851769005633,0.02345564923067168,37.88789507213801,584.7672142982483
112,5,-0.1433912950891727,0.931426958169144,-0.4432147075343016,0.2803608072686108,-0.4891034605552478,2,100,373276626,250,CMAES,p,0.414101638287026,0.4145022036912777,-0.6559586249195494,0.4144994586549427,0.4128493702607478,0.000657734286141482,0.0017309735954925479,37.99793872386158,655.1615836620331
113,5,-0.1433912950891727,0.931426958169144,-0.4432147075343016,0.2803608072686108,-0.4891034605552478,2,100,554197088,250,CMAES,p,0.41374763146642063,0.41358895453638805,-0.6559663823966692,0.4161033068766819,0.4125205334081938,0.0006577474049017213,0.0017309735954925479,37.99869660718652,655.9788091182709
114,5,-0.1433912950891727,0.931426958169144,-0.4432147075343016,0.2803608072686108,-0.4891034605552478,2,100,858138413,250,CMAES,p,0.4139255735973205,0.4139495174417023,-0.6559562672938337,0.41383186497344937,0.4142433584810164,0.0006576249410011676,0.0017309735954925479,37.99162175053518,655.2181596755981
