id,n,v_1,v_2,v_3,v_4,v_5,k,r,seed,gens,algorithm,kind,p_1,p_2,p_3,p_4,p_5,optimised error,suzuki error,% error,time
295,5,-0.8060005073705072,-0.6661853372842408,-0.42502530987427023,0.8072780130507247,-0.07437962025411693,2,150,373276626,250,CMAES,p,0.4140769196665851,0.41491543032219985,-0.6572440995435429,0.4146886738785564,0.41356112745279133,0.0001240799349029084,0.0002836206182555983,43.748559489806844,706.3480489253998
296,5,-0.8060005073705072,-0.6661853372842408,-0.42502530987427023,0.8072780130507247,-0.07437962025411693,2,150,554197088,250,CMAES,p,0.4152240771399812,0.413599130790322,-0.6572450495689152,0.4138177837745331,0.414602110054188,0.00012406467949365897,0.0002836206182555983,43.74318068154415,708.7123498916626
297,5,-0.8060005073705072,-0.6661853372842408,-0.42502530987427023,0.8072780130507247,-0.07437962025411693,2,150,858138413,250,CMAES,p,0.4135205852699079,0.41396346134067913,-0.6572445710833378,0.4149004037523432,0.4148581724706959,0.0001240828565515352,0.0002836206182555983,43.749589615417875,709.3581938743591
298,5,-0.8060005073705072,-0.6661853372842408,-0.42502530987427023,0.8072780130507247,-0.07437962025411693,2,200,373276626,250,CMAES,p,0.41445931736781766,0.41449298609189206,-0.6575525459302756,0.41419597189333035,0.4144036445720031,3.9768805138570346e-05,9.070000138488844e-05,43.846532008097896,780.4946160316467
299,5,-0.8060005073705072,-0.6661853372842408,-0.42502530987427023,0.8072780130507247,-0.07437962025411693,2,200,554197088,250,CMAES,p,0.41449705444914525,0.4142683612473737,-0.6575537650284569,0.41500530956382475,0.4137824136116886,3.9769560398299114e-05,9.070000138488844e-05,43.847364708998924,777.0817620754242
300,5,-0.8060005073705072,-0.6661853372842408,-0.42502530987427023,0.8072780130507247,-0.07437962025411693,2,200,858138413,250,CMAES,p,0.4139659734635273,0.41489607296688663,-0.6575534327191723,0.4140710210169528,0.41461973920081774,3.9769413294305516e-05,9.070000138488844e-05,43.84720252157737,770.8475375175476
