id,n,v_1,v_2,v_3,v_4,v_5,k,r,seed,gens,algorithm,kind,p_1,p_2,p_3,p_4,p_5,optimised error,suzuki error,% error,time
199,5,-0.7792433087145898,-0.6344399441432538,0.2882660059625033,-0.8352754998489977,0.6970477297542357,2,150,373276626,250,CMAES,p,0.41451188320400245,0.4136061254382491,-0.6567312548821079,0.41550418366585967,0.41310764565045344,0.00013240615752077722,0.00043590508184850415,30.37499745570621,701.3705546855927
200,5,-0.7792433087145898,-0.6344399441432538,0.2882660059625033,-0.8352754998489977,0.6970477297542357,2,150,554197088,250,CMAES,p,0.4146693245338817,0.41382360473738616,-0.6567105339337862,0.41466977960392865,0.4135464559527912,0.00013244784092247356,0.00043590508184850415,30.38455995071535,702.0346510410309
201,5,-0.7792433087145898,-0.6344399441432538,0.2882660059625033,-0.8352754998489977,0.6970477297542357,2,150,858138413,250,CMAES,p,0.41350281737916966,0.41497722016922883,-0.6567228886406254,0.41375694287550263,0.41448450572092455,0.00013237741239766185,0.00043590508184850415,30.368403101955284,696.9731345176697
202,5,-0.7792433087145898,-0.6344399441432538,0.2882660059625033,-0.8352754998489977,0.6970477297542357,2,200,373276626,250,CMAES,p,0.4136464821496427,0.41435188122847605,-0.6572529006476238,0.4146187230511712,0.41463536427642234,4.24761907136729e-05,0.00013946193132649516,30.457193808847833,765.4874551296234
203,5,-0.7792433087145898,-0.6344399441432538,0.2882660059625033,-0.8352754998489977,0.6970477297542357,2,200,554197088,250,CMAES,p,0.4136757414774079,0.41527478537435575,-0.6572584494905677,0.4135908043418098,0.4147166627001523,4.2467538404777025e-05,0.00013946193132649516,30.450989743829105,764.2013924121857
204,5,-0.7792433087145898,-0.6344399441432538,0.2882660059625033,-0.8352754998489977,0.6970477297542357,2,200,858138413,250,CMAES,p,0.4136829852718668,0.4155893576673047,-0.6572655184438496,0.41193868571238246,0.41605404579646965,4.249712555733515e-05,0.00013946193132649516,30.472204961685836,763.7496259212494
