id,n,v_1,v_2,v_3,v_4,v_5,k,r,seed,gens,algorithm,kind,p_1,p_2,p_3,p_4,p_5,optimised error,suzuki error,% error,time
247,5,-0.9990518496230064,-0.38270508552766097,-0.6302541483035222,-0.8555475726657744,-0.8066554183749486,2,150,373276626,250,CMAES,p,0.4146702992478226,0.41294016198900607,-0.6572953011634791,0.41395099852954453,0.4157329520347691,0.00012657816911658878,0.00026062850987090526,48.566509158681676,707.8663425445557
248,5,-0.9990518496230064,-0.38270508552766097,-0.6302541483035222,-0.8555475726657744,-0.8066554183749486,2,150,554197088,250,CMAES,p,0.4137606271679364,0.4148171764724779,-0.6572895038080884,0.4146490524694638,0.41406175874955004,0.00012658396789361396,0.00026062850987090526,48.568734079135716,711.7468569278717
249,5,-0.9990518496230064,-0.38270508552766097,-0.6302541483035222,-0.8555475726657744,-0.8066554183749486,2,150,858138413,250,CMAES,p,0.4143324778976898,0.41401290662585183,-0.6572889641016917,0.41462201590170406,0.4143206740582623,0.00012657836749220596,0.00026062850987090526,48.56658527300136,707.6619234085083
250,5,-0.9990518496230064,-0.38270508552766097,-0.6302541483035222,-0.8555475726657744,-0.8066554183749486,2,200,373276626,250,CMAES,p,0.41462479717814,0.4138734435600682,-0.6575792005766469,0.4143198953244182,0.41476077892771035,4.0602670879720573e-05,8.344549885175797e-05,48.65771244516346,775.6375331878662
251,5,-0.9990518496230064,-0.38270508552766097,-0.6302541483035222,-0.8555475726657744,-0.8066554183749486,2,200,554197088,250,CMAES,p,0.4141443328375448,0.4145491790246767,-0.6575792001025238,0.41430591979264036,0.41457948187723337,4.059016078840402e-05,8.344549885175797e-05,48.64272051451567,772.0480868816376
252,5,-0.9990518496230064,-0.38270508552766097,-0.6302541483035222,-0.8555475726657744,-0.8066554183749486,2,200,858138413,250,CMAES,p,0.4141283130927471,0.41438130169730736,-0.6575790594466264,0.41463917487312013,0.4144299834142726,4.0590235245153865e-05,8.344549885175797e-05,48.64280974251583,772.8792316913605
