id,n,v_1,v_2,v_3,v_4,v_5,k,r,seed,gens,algorithm,kind,p_1,p_2,p_3,p_4,p_5,optimised error,suzuki error,% error,time
229,5,-0.9042640046260502,0.5334598019723256,0.4152116526087895,0.5698543722161165,-0.3749625478979888,2,50,373276626,250,CMAES,p,0.41007147368517805,0.42004105149569904,-0.6516006301206906,0.4108647782685743,0.41054907283305264,0.008904606800074651,0.02039135961186835,43.66852907096944,608.5824179649353
230,5,-0.9042640046260502,0.5334598019723256,0.4152116526087895,0.5698543722161165,-0.3749625478979888,2,50,554197088,250,CMAES,p,0.4122807790265542,0.4116406751341909,-0.6515376240100446,0.4130904081752746,0.41445170394066216,0.008874766239166897,0.02039135961186835,43.52218982986074,609.9548840522766
231,5,-0.9042640046260502,0.5334598019723256,0.4152116526087895,0.5698543722161165,-0.3749625478979888,2,50,858138413,250,CMAES,p,0.40950661197891935,0.41528847855170975,-0.651614278418853,0.4194924878913502,0.40725233148002654,0.0089221012744286,0.02039135961186835,43.75432263592509,608.9393804073334
232,5,-0.9042640046260502,0.5334598019723256,0.4152116526087895,0.5698543722161165,-0.3749625478979888,2,100,373276626,250,CMAES,p,0.41441717825459673,0.41287851653775215,-0.6559064076827469,0.4146531307104449,0.4139521771868703,0.0006619405056281464,0.0015067740422451121,43.93097352817725,682.0038573741913
233,5,-0.9042640046260502,0.5334598019723256,0.4152116526087895,0.5698543722161165,-0.3749625478979888,2,100,554197088,250,CMAES,p,0.41515392480095703,0.41209579201093754,-0.6559295261434236,0.4126241610402017,0.4160501763307959,0.0006624069971991963,0.0015067740422451121,43.96193315171541,681.5562129020691
234,5,-0.9042640046260502,0.5334598019723256,0.4152116526087895,0.5698543722161165,-0.3749625478979888,2,100,858138413,250,CMAES,p,0.41219125934954537,0.41239788128990884,-0.6559264420797147,0.4172323027134076,0.4140995879086846,0.0006616162654539341,0.0015067740422451121,43.909454696214276,681.3701641559601
