id,n,v_1,v_2,v_3,v_4,v_5,k,r,seed,gens,algorithm,kind,p_1,p_2,p_3,p_4,p_5,optimised error,suzuki error,% error,time
43,5,0.999084104496638,0.2196479105213669,0.1592370069643183,0.7608713011021457,0.8513853262934397,2,150,373276626,250,CMAES,p,0.41457514362408987,0.4133913829531088,-0.6572022180449978,0.41445055042908635,0.4147842620421799,0.00011855444235479883,0.0002574791838836302,46.04428232473367,696.4335100650787
44,5,0.999084104496638,0.2196479105213669,0.1592370069643183,0.7608713011021457,0.8513853262934397,2,150,554197088,250,CMAES,p,0.4153021441051846,0.4129120820445281,-0.6572055204957941,0.4144025844779515,0.41458783008950806,0.00011855354918047867,0.0002574791838836302,46.043935432877525,698.8986330032349
45,5,0.999084104496638,0.2196479105213669,0.1592370069643183,0.7608713011021457,0.8513853262934397,2,150,858138413,250,CMAES,p,0.4141540236833632,0.41453816028477997,-0.6572005010413713,0.4141111207993415,0.41439631725258685,0.00011855320822251674,0.0002574791838836302,46.043803011313656,699.0707397460938
46,5,0.999084104496638,0.2196479105213669,0.1592370069643183,0.7608713011021457,0.8513853262934397,2,200,373276626,250,CMAES,p,0.4137997433330749,0.415024649397371,-0.6575300281682489,0.4148130899283685,0.4138922628138775,3.799234312894912e-05,8.23383801064301e-05,46.14171796899628,761.1461918354034
47,5,0.999084104496638,0.2196479105213669,0.1592370069643183,0.7608713011021457,0.8513853262934397,2,200,554197088,250,CMAES,p,0.41430036277508275,0.41499560992523227,-0.6575289655348118,0.41425607593804487,0.4139766343701726,3.799421373365036e-05,8.23383801064301e-05,46.14398981925472,760.8585121631622
48,5,0.999084104496638,0.2196479105213669,0.1592370069643183,0.7608713011021457,0.8513853262934397,2,200,858138413,250,CMAES,p,0.4141429532727267,0.41478112718608734,-0.6575284887762008,0.41445339833809464,0.41415072746864834,3.799231296689128e-05,8.23383801064301e-05,46.14168133716335,761.2192087173462
