id,n,v_1,v_2,v_3,v_4,v_5,k,r,seed,gens,algorithm,kind,p_1,p_2,p_3,p_4,p_5,optimised error,suzuki error,% error,time
133,5,0.32903165430982395,0.4386599111472647,0.023996515473116764,-0.16497110482463473,0.21285257205184813,2,50,373276626,250,CMAES,p,0.4113638260503206,0.41459522661028403,-0.6523136909320117,0.41509661322463115,0.411225328010799,0.007304733759840438,0.016144578150635486,45.24573941594694,576.6575210094452
134,5,0.32903165430982395,0.4386599111472647,0.023996515473116764,-0.16497110482463473,0.21285257205184813,2,50,554197088,250,CMAES,p,0.4108647068968708,0.41960834804107744,-0.6523803001741605,0.4113118732231715,0.410562577040939,0.007311532859556195,0.016144578150635486,45.28785324296874,579.7438442707062
135,5,0.32903165430982395,0.4386599111472647,0.023996515473116764,-0.16497110482463473,0.21285257205184813,2,50,858138413,250,CMAES,p,0.4169087303487269,0.41372856856637075,-0.652353683629664,0.41242583697688323,0.40925809635460625,0.007294568140640014,0.016144578150635486,45.182773266533964,581.960841178894
136,5,0.32903165430982395,0.4386599111472647,0.023996515473116764,-0.16497110482463473,0.21285257205184813,2,100,373276626,250,CMAES,p,0.4126225915572131,0.41396885767010766,-0.6562055011362078,0.41540092123875827,0.414210694785159,0.0005335140445887629,0.0011775516053231282,45.30706273737897,654.5467255115509
137,5,0.32903165430982395,0.4386599111472647,0.023996515473116764,-0.16497110482463473,0.21285257205184813,2,100,554197088,250,CMAES,p,0.41541193557866213,0.41210917454822066,-0.6562096817135773,0.4146726435214434,0.41401349367301554,0.0005333337429872117,0.0011775516053231282,45.291751170502735,651.5053062438965
138,5,0.32903165430982395,0.4386599111472647,0.023996515473116764,-0.16497110482463473,0.21285257205184813,2,100,858138413,250,CMAES,p,0.41307068474627784,0.41452411634611086,-0.6562155369285336,0.41643182988175864,0.4121864669565017,0.0005336015720095786,0.0011775516053231282,45.314495738227514,646.4720838069916
