id,n,v_1,v_2,v_3,v_4,v_5,k,r,seed,gens,algorithm,kind,p_1,p_2,p_3,p_4,p_5,optimised error,suzuki error,% error,time
85,5,-0.7969527881951413,-0.20411592444163865,-0.6407052945809155,0.5440021214015651,0.6248807496122719,2,50,373276626,250,CMAES,p,0.41220353727988407,0.41692363355862866,-0.649834576454501,0.4119510975849495,0.40870489729751397,0.0082640778029096,0.021831195987392638,37.85444374042561,591.3656044006348
86,5,-0.7969527881951413,-0.20411592444163865,-0.6407052945809155,0.5440021214015651,0.6248807496122719,2,50,554197088,250,CMAES,p,0.4152012706076862,0.41100815612037744,-0.6498244723881724,0.4105698664051574,0.41299489683547086,0.00822098840339986,0.021831195987392638,37.657068390332,593.3666889667511
87,5,-0.7969527881951413,-0.20411592444163865,-0.6407052945809155,0.5440021214015651,0.6248807496122719,2,50,858138413,250,CMAES,p,0.40504105916177163,0.41649551623698794,-0.6499109276828221,0.41680061539067054,0.41152162387956287,0.00829297868184875,0.021831195987392638,37.9868271378164,592.6758208274841
88,5,-0.7969527881951413,-0.20411592444163865,-0.6407052945809155,0.5440021214015651,0.6248807496122719,2,100,373276626,250,CMAES,p,0.4114396760257336,0.4130152933191559,-0.6554239295477714,0.41441812034385367,0.41654670562665075,0.0006275827202258025,0.0016187542698832698,38.769486629435,661.930261850357
89,5,-0.7969527881951413,-0.20411592444163865,-0.6407052945809155,0.5440021214015651,0.6248807496122719,2,100,554197088,250,CMAES,p,0.4142737033371059,0.41598200753364944,-0.6554152478279538,0.4129822037246684,0.412173191280492,0.0006271124806377468,0.0016187542698832698,38.74043715621943,663.982693195343
90,5,-0.7969527881951413,-0.20411592444163865,-0.6407052945809155,0.5440021214015651,0.6248807496122719,2,100,858138413,250,CMAES,p,0.412926099974899,0.4160468215891296,-0.6554177836580003,0.4143022777091995,0.41213841807265905,0.0006271213523239789,0.0016187542698832698,38.74098521261052,666.9270687103271
