id,n,v_1,v_2,v_3,v_4,v_5,k,r,seed,gens,algorithm,kind,p_1,p_2,p_3,p_4,p_5,optimised error,suzuki error,% error,time
13,5,0.09640984945486153,0.16554078304766007,-0.7392959233634115,-0.32963147600991705,-0.4714438567589781,2,50,373276626,250,CMAES,p,0.4129562805316094,0.41446196321850476,-0.652320918872614,0.41390515033632674,0.4109394152399948,0.007728743642307358,0.017867057334686128,43.25694767488767,584.1093153953552
14,5,0.09640984945486153,0.16554078304766007,-0.7392959233634115,-0.32963147600991705,-0.4714438567589781,2,50,554197088,250,CMAES,p,0.4111220338466333,0.41406646015428883,-0.6523519848508723,0.41682788395533454,0.41027706039562384,0.007733266066928544,0.017867057334686128,43.28225919953592,583.5037357807159
15,5,0.09640984945486153,0.16554078304766007,-0.7392959233634115,-0.32963147600991705,-0.4714438567589781,2,50,858138413,250,CMAES,p,0.41274095865766247,0.4128025816115545,-0.6523116173121142,0.413724575022674,0.4129856559886291,0.00772194430827483,0.017867057334686128,43.21889253292913,584.0563492774963
16,5,0.09640984945486153,0.16554078304766007,-0.7392959233634115,-0.32963147600991705,-0.4714438567589781,2,100,373276626,250,CMAES,p,0.4137544474552609,0.4136971803929927,-0.6562274038996152,0.41633991618524563,0.41243135820164945,0.0005650743453799942,0.001309571036670465,43.14957566690497,653.3531489372253
17,5,0.09640984945486153,0.16554078304766007,-0.7392959233634115,-0.32963147600991705,-0.4714438567589781,2,100,554197088,250,CMAES,p,0.41288262810013315,0.41351109702567107,-0.6562215658973763,0.41595106399241666,0.41387228456253555,0.0005654142530625346,0.001309571036670465,43.175531317497594,652.9903721809387
18,5,0.09640984945486153,0.16554078304766007,-0.7392959233634115,-0.32963147600991705,-0.4714438567589781,2,100,858138413,250,CMAES,p,0.4109977578712313,0.41490029287172975,-0.6562275757111816,0.41504442007031267,0.41528065324217256,0.0005679094428864409,0.001309571036670465,43.36606621434826,653.3871223926544
