id,n,v_1,v_2,v_3,v_4,v_5,k,r,seed,gens,algorithm,kind,p_1,p_2,p_3,p_4,p_5,optimised error,suzuki error,% error,time
73,5,-0.0868026827782653,0.9132962777942596,-0.7319367414760487,-0.3289493162632717,-0.5470920147217146,2,50,373276626,250,CMAES,p,0.4070799425217227,0.41979907190523313,-0.6504909109385616,0.41169973139513394,0.411842866693749,0.007864068226464087,0.022874036100997017,34.37988902238951,617.7709555625916
74,5,-0.0868026827782653,0.9132962777942596,-0.7319367414760487,-0.3289493162632717,-0.5470920147217146,2,50,554197088,250,CMAES,p,0.40476770697834014,0.4180006252968732,-0.6506958007739923,0.4212712430414173,0.40658484986078414,0.007882113474344187,0.022874036100997017,34.45877867614551,621.7670202255249
75,5,-0.0868026827782653,0.9132962777942596,-0.7319367414760487,-0.3289493162632717,-0.5470920147217146,2,50,858138413,250,CMAES,p,0.41344802750444565,0.4081313672921325,-0.6503733123978029,0.413956980533275,0.41477044160190535,0.0078465096570007,0.022874036100997017,34.30312701420757,621.079754114151
76,5,-0.0868026827782653,0.9132962777942596,-0.7319367414760487,-0.3289493162632717,-0.5470920147217146,2,100,373276626,250,CMAES,p,0.41280803940243527,0.41557746956288905,-0.6556359271694326,0.4128532083941322,0.4143915667136883,0.0005842119468840298,0.0017035836136204637,34.29311847174087,695.2262279987335
77,5,-0.0868026827782653,0.9132962777942596,-0.7319367414760487,-0.3289493162632717,-0.5470920147217146,2,100,554197088,250,CMAES,p,0.413776699037576,0.4142718817310657,-0.6556286002814433,0.4141825284463007,0.4133918457025048,0.0005841324822847355,0.0017035836136204637,34.28845391646697,696.6942510604858
78,5,-0.0868026827782653,0.9132962777942596,-0.7319367414760487,-0.3289493162632717,-0.5470920147217146,2,100,858138413,250,CMAES,p,0.41324290509603107,0.4156859511689755,-0.6556365040546155,0.41425816334153714,0.4124438372607353,0.0005842562055937323,0.0017035836136204637,34.29571644869654,695.9227831363678
