id,n,v_1,v_2,v_3,v_4,v_5,k,r,seed,gens,algorithm,kind,p_1,p_2,p_3,p_4,p_5,optimised error,suzuki error,% error,time
175,5,-0.3979323703039153,0.7449030414795164,-0.6185938100318349,0.9644931611512844,0.7723213477174344,2,150,373276626,250,CMAES,p,0.41434401661144155,0.4169010652977962,-0.6561802233917539,0.41548866951189856,0.4094462680926316,0.00015189134285680954,0.0004344160113251166,34.96449000429089,721.2931444644928
176,5,-0.3979323703039153,0.7449030414795164,-0.6185938100318349,0.9644931611512844,0.7723213477174344,2,150,554197088,250,CMAES,p,0.41099881736085486,0.4161487480355712,-0.6561767745367431,0.41750634838367384,0.4115226698755553,0.00015186582735220232,0.0004344160113251166,34.95861648583345,724.688707113266
177,5,-0.3979323703039153,0.7449030414795164,-0.6185938100318349,0.9644931611512844,0.7723213477174344,2,150,858138413,250,CMAES,p,0.4129109144120239,0.417161650129658,-0.6561357492415043,0.41336870373922624,0.4126943255303365,0.00015173944729205246,0.0004344160113251166,34.92952454243008,723.0867941379547
178,5,-0.3979323703039153,0.7449030414795164,-0.6185938100318349,0.9644931611512844,0.7723213477174344,2,200,373276626,250,CMAES,p,0.41427936592058257,0.4140860072870933,-0.6574154809639746,0.4147097163807297,0.41433952419735154,5.121232023544125e-05,0.00013901057208806124,36.84059382404308,792.557806968689
179,5,-0.3979323703039153,0.7449030414795164,-0.6185938100318349,0.9644931611512844,0.7723213477174344,2,200,554197088,250,CMAES,p,0.4145015421483099,0.41443778575317486,-0.6579258016379051,0.4145320040681361,0.41445298305423717,6.555412630531095e-05,0.00013901057208806124,47.15765522048448,792.3655667304993
180,5,-0.3979323703039153,0.7449030414795164,-0.6185938100318349,0.9644931611512844,0.7723213477174344,2,200,858138413,250,CMAES,p,0.41353827784263886,0.4149284419510933,-0.6569098772730252,0.4137223639298726,0.41472073827980305,4.882823377826514e-05,0.00013901057208806124,35.12555415377554,793.6987099647522
