id,n,v_1,v_2,v_3,v_4,v_5,k,r,seed,gens,algorithm,kind,p_1,p_2,p_3,p_4,p_5,optimised error,suzuki error,% error,time
157,5,0.09779590701922157,0.6771475910702092,0.10793346269983184,0.31995019735873353,-0.14424244289484234,2,50,373276626,250,CMAES,p,0.41321080651528247,0.41556498076690546,-0.6526795409045267,0.41197999277138314,0.411868329320117,0.007690446532917703,0.017211084256812736,44.68310315704579,583.3899743556976
158,5,0.09779590701922157,0.6771475910702092,0.10793346269983184,0.31995019735873353,-0.14424244289484234,2,50,554197088,250,CMAES,p,0.41084891182218947,0.4227984383798781,-0.6528775225906593,0.4072664811656854,0.41190785448060985,0.007705602706895058,0.017211084256812736,44.77116369844577,586.6327204704285
159,5,0.09779590701922157,0.6771475910702092,0.10793346269983184,0.31995019735873353,-0.14424244289484234,2,50,858138413,250,CMAES,p,0.4141593950803135,0.4184770458027202,-0.6527945649255809,0.4061644476500064,0.4139386135854035,0.007683889355988452,0.017211084256812736,44.64500458736007,585.316876411438
160,5,0.09779590701922157,0.6771475910702092,0.10793346269983184,0.31995019735873353,-0.14424244289484234,2,100,373276626,250,CMAES,p,0.414057927786838,0.4150333998088036,-0.6563353027407026,0.41411418677490835,0.41312549964085726,0.0005618356538645531,0.001256652713578543,44.70890388360566,657.1050667762756
161,5,0.09779590701922157,0.6771475910702092,0.10793346269983184,0.31995019735873353,-0.14424244289484234,2,100,554197088,250,CMAES,p,0.4141156448777229,0.41447678537820676,-0.656335964168658,0.4129295988191043,0.41480964881550275,0.0005617172094573675,0.001256652713578543,44.699478494561745,657.004200220108
162,5,0.09779590701922157,0.6771475910702092,0.10793346269983184,0.31995019735873353,-0.14424244289484234,2,100,858138413,250,CMAES,p,0.414242939040502,0.4134959506198172,-0.6563356130329033,0.4151455965783979,0.4134468379461921,0.0005617618746870057,0.001256652713578543,44.703032796331485,657.5593509674072
