id,n,v_1,v_2,v_3,v_4,v_5,k,r,seed,gens,algorithm,kind,p_1,p_2,p_3,p_4,p_5,optimised error,suzuki error,% error,time
205,5,0.3476296532891101,-0.5496260650517266,-0.10859599898493257,0.15932001686603026,0.10773479349605153,2,50,373276626,250,CMAES,p,0.41333143498434544,0.4145185705247132,-0.6545556825916674,0.41196253505852803,0.41464256727042914,0.009461494457124709,0.01802693179814025,52.485328968187495,577.8472192287445
206,5,0.3476296532891101,-0.5496260650517266,-0.10859599898493257,0.15932001686603026,0.10773479349605153,2,50,554197088,250,CMAES,p,0.4108499721555152,0.41493136074193226,-0.6546494703738284,0.417689334661594,0.41107675179417774,0.009486646118739362,0.01802693179814025,52.62485166620562,576.3099465370178
207,5,0.3476296532891101,-0.5496260650517266,-0.10859599898493257,0.15932001686603026,0.10773479349605153,2,50,858138413,250,CMAES,p,0.41207958836429015,0.412923111375787,-0.654596758499983,0.41218347016031837,0.41730989490954773,0.009458028805966282,0.01802693179814025,52.46610411507753,576.0673406124115
208,5,0.3476296532891101,-0.5496260650517266,-0.10859599898493257,0.15932001686603026,0.10773479349605153,2,100,373276626,250,CMAES,p,0.4131466812421564,0.4147356867445957,-0.6570004851798446,0.41544419571529817,0.4136660913944338,0.0006771727020209437,0.0013074079774341673,51.79505660887264,647.4930803775787
209,5,0.3476296532891101,-0.5496260650517266,-0.10859599898493257,0.15932001686603026,0.10773479349605153,2,100,554197088,250,CMAES,p,0.41457003535198367,0.4141802076954047,-0.6569935034211091,0.41391273379573285,0.41432270885602035,0.0006770351790943751,0.0013074079774341673,51.784537862701406,646.0936255455017
210,5,0.3476296532891101,-0.5496260650517266,-0.10859599898493257,0.15932001686603026,0.10773479349605153,2,100,858138413,250,CMAES,p,0.4122556891218466,0.4151574684156659,-0.6570048047098368,0.4144192907571242,0.4151645278802266,0.0006772751413514082,0.0013074079774341673,51.80289190835318,647.6318960189819
