id,n,v_1,v_2,v_3,v_4,v_5,k,r,seed,gens,algorithm,kind,p_1,p_2,p_3,p_4,p_5,optimised error,suzuki error,% error,time
19,5,0.09640984945486153,0.16554078304766007,-0.7392959233634115,-0.32963147600991705,-0.4714438567589781,2,150,373276626,250,CMAES,p,0.41488638286748336,0.4145790471381394,-0.6571540654852874,0.41348753511427977,0.4142001805507114,0.00011522221091719787,0.00026583714870202644,43.34315631949131,795.2401287555695
20,5,0.09640984945486153,0.16554078304766007,-0.7392959233634115,-0.32963147600991705,-0.4714438567589781,2,150,554197088,250,CMAES,p,0.41474541367623674,0.4136521861271188,-0.6571533054857889,0.4143303499062583,0.414424435245253,0.00011515245920112326,0.00026583714870202644,43.316917806019745,794.1589529514313
21,5,0.09640984945486153,0.16554078304766007,-0.7392959233634115,-0.32963147600991705,-0.4714438567589781,2,150,858138413,250,CMAES,p,0.414800627018297,0.4146194266056468,-0.6571534910599276,0.41359315574372846,0.4141393620361273,0.0001152133951977646,0.00026583714870202644,43.339840108993144,793.1572616100311
22,5,0.09640984945486153,0.16554078304766007,-0.7392959233634115,-0.32963147600991705,-0.4714438567589781,2,200,373276626,250,CMAES,p,0.413957157766474,0.41418384338602066,-0.6575006836245781,0.4149575394163883,0.4144018484443027,3.68528168138207e-05,8.490773267217525e-05,43.403369344589244,871.0103993415833
23,5,0.09640984945486153,0.16554078304766007,-0.7392959233634115,-0.32963147600991705,-0.4714438567589781,2,200,554197088,250,CMAES,p,0.41458677687670276,0.4140499320987806,-0.6575004004616536,0.41447384807168575,0.41438954842659176,3.6838219709342376e-05,8.490773267217525e-05,43.3861776189137,871.3518462181091
24,5,0.09640984945486153,0.16554078304766007,-0.7392959233634115,-0.32963147600991705,-0.4714438567589781,2,200,858138413,250,CMAES,p,0.4136146814656678,0.4144674688884989,-0.6575014301018794,0.41471152992163757,0.414707455467567,3.689627224442332e-05,8.490773267217525e-05,43.454548935935065,869.4456367492676
