id,n,v_1,v_2,v_3,v_4,v_5,k,r,seed,gens,algorithm,kind,p_1,p_2,p_3,p_4,p_5,optimised error,suzuki error,% error,time
37,5,0.999084104496638,0.2196479105213669,0.1592370069643183,0.7608713011021457,0.8513853262934397,2,50,373276626,250,CMAES,p,0.4152164115155568,0.41447566276050274,-0.6526317064936525,0.4086113410236139,0.41427615322553013,0.00763976932273547,0.016977139996455705,45.00033176571799,598.5157754421234
38,5,0.999084104496638,0.2196479105213669,0.1592370069643183,0.7608713011021457,0.8513853262934397,2,50,554197088,250,CMAES,p,0.40985991988441195,0.4202815185129912,-0.652688093775773,0.40934753192861734,0.4131462906582258,0.007673607483246688,0.016977139996455705,45.199647790197275,598.7066667079926
39,5,0.999084104496638,0.2196479105213669,0.1592370069643183,0.7608713011021457,0.8513853262934397,2,50,858138413,250,CMAES,p,0.4160529526524264,0.41078727862981246,-0.6526210696098033,0.41535580454296955,0.4103725675468987,0.007656894958746892,0.016977139996455705,45.1012064478788,599.2752630710602
40,5,0.999084104496638,0.2196479105213669,0.1592370069643183,0.7608713011021457,0.8513853262934397,2,100,373276626,250,CMAES,p,0.4152753987359716,0.41407310353882665,-0.6563162907723211,0.41302514604973267,0.41393839392236625,0.0005788708629330806,0.0012640933430006903,45.79336376845111,668.9533805847168
41,5,0.999084104496638,0.2196479105213669,0.1592370069643183,0.7608713011021457,0.8513853262934397,2,100,554197088,250,CMAES,p,0.41341100676294057,0.41464293433519267,-0.6563134865849591,0.4136824389692109,0.41457285752017514,0.0005788954224935193,0.0012640933430006903,45.79530662817541,665.6193473339081
42,5,0.999084104496638,0.2196479105213669,0.1592370069643183,0.7608713011021457,0.8513853262934397,2,100,858138413,250,CMAES,p,0.41381767714969414,0.4145698071940045,-0.6563134806629316,0.4145726164341039,0.41334912763178167,0.0005789282600821276,0.0012640933430006903,45.79790434683204,663.4720265865326
