id,n,v_1,v_2,v_3,v_4,v_5,k,r,seed,gens,algorithm,kind,p_1,p_2,p_3,p_4,p_5,optimised error,suzuki error,% error,time
355,5,0.8320472343336738,-0.3412856050188888,0.543920354933582,0.4764157291531057,-0.2342894059377496,2,150,373276626,250,CMAES,p,0.4138077777143833,0.414112413181928,-0.6565345787861117,0.41384131491340725,0.41477267294728354,0.00014837765942890497,0.00036106722287278714,41.09419244659105,695.4532356262207
356,5,0.8320472343336738,-0.3412856050188888,0.543920354933582,0.4764157291531057,-0.2342894059377496,2,150,554197088,250,CMAES,p,0.4134906803544102,0.41508247471316195,-0.656977276333598,0.41541945734776525,0.41298302482654853,0.0001488539203660156,0.00036106722287278714,41.226096121846126,694.6898288726807
357,5,0.8320472343336738,-0.3412856050188888,0.543920354933582,0.4764157291531057,-0.2342894059377496,2,150,858138413,250,CMAES,p,0.4150418298413661,0.413624280078498,-0.6573467778218285,0.41433754439498094,0.414340430563519,0.00014946236659964363,0.00036106722287278714,41.39460940554632,692.9067063331604
358,5,0.8320472343336738,-0.3412856050188888,0.543920354933582,0.4764157291531057,-0.2342894059377496,2,200,373276626,250,CMAES,p,0.41386215694055134,0.4141147557843523,-0.657247254533548,0.41474406535690905,0.4145259859929068,4.777156475650103e-05,0.00011544115118023224,41.38174668920079,758.8442153930664
359,5,0.8320472343336738,-0.3412856050188888,0.543920354933582,0.4764157291531057,-0.2342894059377496,2,200,554197088,250,CMAES,p,0.4143290301180852,0.4137625758569781,-0.6572077227436545,0.4143509990271307,0.4147648905726926,4.777787550099666e-05,0.00011544115118023224,41.38721332257295,759.6391768455505
360,5,0.8320472343336738,-0.3412856050188888,0.543920354933582,0.4764157291531057,-0.2342894059377496,2,200,858138413,250,CMAES,p,0.41368499918548246,0.4145839540185016,-0.6572076040931414,0.414363827585197,0.4145745960266232,4.777296904434577e-05,0.00011544115118023224,41.38296314263215,760.4728319644928
