id,n,v_1,v_2,v_3,v_4,v_5,k,r,seed,gens,algorithm,kind,p_1,p_2,p_3,p_4,p_5,optimised error,suzuki error,% error,time
271,5,-0.7138375868617991,-0.8956106194483802,0.7837199813945919,0.08136905101121616,-0.11718969147978785,2,150,373276626,250,CMAES,p,0.41382693636336143,0.41478870307178023,-0.6567516833465363,0.4138066892092434,0.41432860213350864,0.00011382076861334268,0.0003066062249932446,37.12278464530538,726.7201561927795
272,5,-0.7138375868617991,-0.8956106194483802,0.7837199813945919,0.08136905101121616,-0.11718969147978785,2,150,554197088,250,CMAES,p,0.41483725877388405,0.413737553020682,-0.6567535322744393,0.41436815754670064,0.41380980443902554,0.00011385568812119871,0.0003066062249932446,37.13417368603891,729.6905448436737
273,5,-0.7138375868617991,-0.8956106194483802,0.7837199813945919,0.08136905101121616,-0.11718969147978785,2,150,858138413,250,CMAES,p,0.4146121017957273,0.41273020483628914,-0.656756809455558,0.41487723118407194,0.41453651358845744,0.00011383680935104017,0.0003066062249932446,37.12801635177117,728.5271532535553
274,5,-0.7138375868617991,-0.8956106194483802,0.7837199813945919,0.08136905101121616,-0.11718969147978785,2,200,373276626,250,CMAES,p,0.41519545243732664,0.41281696065355233,-0.6572872375548711,0.4138465014625985,0.4154280616507333,3.6540167296714865e-05,9.799839041434272e-05,37.2864974028869,800.4366307258606
275,5,-0.7138375868617991,-0.8956106194483802,0.7837199813945919,0.08136905101121616,-0.11718969147978785,2,200,554197088,250,CMAES,p,0.41450345303895264,0.41299342690511,-0.6573023165363286,0.41469727916104215,0.415107864322712,3.680615007850216e-05,9.799839041434272e-05,37.5579128625314,797.6137990951538
276,5,-0.7138375868617991,-0.8956106194483802,0.7837199813945919,0.08136905101121616,-0.11718969147978785,2,200,858138413,250,CMAES,p,0.4146205006955324,0.41440606672961383,-0.6575029560368116,0.4141096779511031,0.41436603138119954,3.991684879052541e-05,9.799839041434272e-05,40.73214735645628,787.512176990509
