id,n,v_1,v_2,v_3,v_4,v_5,k,r,seed,gens,algorithm,kind,p_1,p_2,p_3,p_4,p_5,optimised error,suzuki error,% error,time
181,5,0.942634864129884,-0.0037674492744359522,-0.02614472611340513,0.3115123890434568,-0.2384673151736332,2,50,373276626,250,CMAES,p,0.41149990587695595,0.4163263006286686,-0.6503401214166828,0.41112867403429154,0.4113378724832554,0.008676969043651141,0.021346846579627626,40.64754487874575,586.6477551460266
182,5,0.942634864129884,-0.0037674492744359522,-0.02614472611340513,0.3115123890434568,-0.2384673151736332,2,50,554197088,250,CMAES,p,0.4146732348091905,0.4143591817321758,-0.6503598848646404,0.41172501166180386,0.40955496210733877,0.008668156383181627,0.021346846579627626,40.6062616829508,588.7047619819641
183,5,0.942634864129884,-0.0037674492744359522,-0.02614472611340513,0.3115123890434568,-0.2384673151736332,2,50,858138413,250,CMAES,p,0.40079588352937207,0.41435211469244787,-0.6506395956876099,0.416840295896186,0.418603059868459,0.008731549144772071,0.021346846579627626,40.90322714505771,588.8174877166748
184,5,0.942634864129884,-0.0037674492744359522,-0.02614472611340513,0.3115123890434568,-0.2384673151736332,2,100,373276626,250,CMAES,p,0.4153767705750098,0.4128937860992579,-0.6554652941893836,0.41498527419332737,0.41220630129295777,0.0006641665042705934,0.0015748864924934477,42.17234114561794,663.9167675971985
185,5,0.942634864129884,-0.0037674492744359522,-0.02614472611340513,0.3115123890434568,-0.2384673151736332,2,100,554197088,250,CMAES,p,0.4147531423227317,0.4156783912260401,-0.6554690334250606,0.4135635958138367,0.41147074065941824,0.0006644272308444421,0.0015748864924934477,42.18889640690765,666.9704205989838
186,5,0.942634864129884,-0.0037674492744359522,-0.02614472611340513,0.3115123890434568,-0.2384673151736332,2,100,858138413,250,CMAES,p,0.4143699111487672,0.41340051227054103,-0.6554575238320517,0.4149873225068921,0.41269661961316834,0.0006641624877625947,0.0015748864924934477,42.17208611085716,663.1504118442535
