id,n,v_1,v_2,v_3,v_4,v_5,k,r,seed,gens,algorithm,kind,p_1,p_2,p_3,p_4,p_5,optimised error,suzuki error,% error,time
55,5,0.5462491563061158,-0.10068357262268468,0.6027915688719194,-0.2935004274862503,0.5026005440096201,2,150,373276626,250,CMAES,p,0.4139114305698191,0.4132797631664883,-0.6572288428389788,0.4146530617064206,0.4153827769267579,0.0001418673030251785,0.0003121516710309551,45.44819592239503,698.1873996257782
56,5,0.5462491563061158,-0.10068357262268468,0.6027915688719194,-0.2935004274862503,0.5026005440096201,2,150,554197088,250,CMAES,p,0.4147394936239292,0.4143896357904408,-0.6572267694803888,0.4141738103333496,0.4139220151375988,0.00014184164127146055,0.0003121516710309551,45.43997499772941,701.4800477027893
57,5,0.5462491563061158,-0.10068357262268468,0.6027915688719194,-0.2935004274862503,0.5026005440096201,2,150,858138413,250,CMAES,p,0.41373815482462073,0.4146642131006081,-0.6571979149325866,0.41370161540467365,0.4150921996924017,0.0001418500180142111,0.0003121516710309551,45.44265854663461,699.8612654209137
58,5,0.5462491563061158,-0.10068357262268468,0.6027915688719194,-0.2935004274862503,0.5026005440096201,2,200,373276626,250,CMAES,p,0.41428359676198684,0.4148372531790529,-0.657586703842456,0.4143077148259338,0.4141574902730915,4.545355183394243e-05,9.973931167455781e-05,45.57235363950986,764.0795249938965
59,5,0.5462491563061158,-0.10068357262268468,0.6027915688719194,-0.2935004274862503,0.5026005440096201,2,200,554197088,250,CMAES,p,0.41452323680365677,0.41463567943862767,-0.6575616503568416,0.4143986418434866,0.4140034810471759,4.545856729465382e-05,9.973931167455781e-05,45.57738220911515,762.4959774017334
60,5,0.5462491563061158,-0.10068357262268468,0.6027915688719194,-0.2935004274862503,0.5026005440096201,2,200,858138413,250,CMAES,p,0.41367683316013726,0.41455894474315064,-0.6576046481824619,0.4151349890209432,0.41423320759530424,4.5457529950527725e-05,9.973931167455781e-05,45.576342153685964,763.9247751235962
