id,n,v_1,v_2,v_3,v_4,v_5,k,r,seed,gens,algorithm,kind,p_1,p_2,p_3,p_4,p_5,optimised error,suzuki error,% error,time
139,5,0.32903165430982395,0.4386599111472647,0.023996515473116764,-0.16497110482463473,0.21285257205184813,2,150,373276626,250,CMAES,p,0.4142797451236704,0.41336620818804165,-0.6571480667136569,0.41447687093101226,0.4150247466818639,0.00010866206497192432,0.00023906869798823207,45.45223439384487,706.605827331543
140,5,0.32903165430982395,0.4386599111472647,0.023996515473116764,-0.16497110482463473,0.21285257205184813,2,150,554197088,250,CMAES,p,0.4148892209119104,0.4132130758438857,-0.6571490148725492,0.4140607590323672,0.41498546354849797,0.00010865595128652423,0.00023906869798823207,45.44967710154707,707.4903249740601
141,5,0.32903165430982395,0.4386599111472647,0.023996515473116764,-0.16497110482463473,0.21285257205184813,2,150,858138413,250,CMAES,p,0.41518501491520843,0.41438469415775986,-0.6571507911793953,0.4128380608582715,0.4147425254882824,0.00010865889342602734,0.00023906869798823207,45.45090776851763,713.9666447639465
142,5,0.32903165430982395,0.4386599111472647,0.023996515473116764,-0.16497110482463473,0.21285257205184813,2,200,373276626,250,CMAES,p,0.41439584962271864,0.4143270718111558,-0.6574969140913192,0.41476163076037886,0.41401220336273936,3.47599644977844e-05,7.636620992975403e-05,45.51746712290499,786.9001033306122
143,5,0.32903165430982395,0.4386599111472647,0.023996515473116764,-0.16497110482463473,0.21285257205184813,2,200,554197088,250,CMAES,p,0.41448242863735185,0.4146548415223974,-0.6574975926306353,0.4136322601411538,0.41472790395950104,3.475929687523996e-05,7.636620992975403e-05,45.516592884750374,780.1647171974182
144,5,0.32903165430982395,0.4386599111472647,0.023996515473116764,-0.16497110482463473,0.21285257205184813,2,200,858138413,250,CMAES,p,0.4143473869782358,0.4148137977117699,-0.6574968247012313,0.4141796815036885,0.41415580010334224,3.475993600178417e-05,7.636620992975403e-05,45.51742980797178,776.2314305305481
