id,n,v_1,v_2,v_3,v_4,v_5,k,r,seed,gens,algorithm,kind,p_1,p_2,p_3,p_4,p_5,optimised error,suzuki error,% error,time
7,5,-0.10697142702071627,0.529058605311209,0.5043258788245542,-0.3482646246706034,-0.9502583693259468,2,150,373276626,250,CMAES,p,0.41345892900997366,0.41427714583312697,-0.6571462534134438,0.4133443879860854,0.416064741970225,0.0001252445670569196,0.00027024449641202216,46.3449094134255,727.4569878578186
8,5,-0.10697142702071627,0.529058605311209,0.5043258788245542,-0.3482646246706034,-0.9502583693259468,2,150,554197088,250,CMAES,p,0.4144751779794426,0.4153196072954598,-0.6571444101946013,0.41313066885965893,0.4142179035535898,0.00012506274206923072,0.00027024449641202216,46.277627751780976,728.1992065906525
9,5,-0.10697142702071627,0.529058605311209,0.5043258788245542,-0.3482646246706034,-0.9502583693259468,2,150,858138413,250,CMAES,p,0.4138902365007101,0.414075477929112,-0.6571409005337698,0.4146081265796871,0.4145660070862552,0.00012506200693323166,0.00027024449641202216,46.27735572552001,725.9954640865326
10,5,-0.10697142702071627,0.529058605311209,0.5043258788245542,-0.3482646246706034,-0.9502583693259468,2,200,373276626,250,CMAES,p,0.41485471708031774,0.4145620875413417,-0.6574943690381059,0.4142816775287406,0.41379554996419815,4.003170614022135e-05,8.634223628434063e-05,46.36399039792031,787.1830716133118
11,5,-0.10697142702071627,0.529058605311209,0.5043258788245542,-0.3482646246706034,-0.9502583693259468,2,200,554197088,250,CMAES,p,0.4146060444193466,0.41400072927124065,-0.6574939833312119,0.4143710746118689,0.4145157976850432,4.000335274005353e-05,8.634223628434063e-05,46.33115200805692,782.5350639820099
12,5,-0.10697142702071627,0.529058605311209,0.5043258788245542,-0.3482646246706034,-0.9502583693259468,2,200,858138413,250,CMAES,p,0.4136574884996518,0.41494722110954524,-0.6574951138148152,0.41457119080302623,0.4143188760950197,4.000865631155212e-05,8.634223628434063e-05,46.337294507633985,780.53759765625
