id,n,v_1,v_2,v_3,v_4,v_5,k,r,seed,gens,algorithm,kind,p_1,p_2,p_3,p_4,p_5,optimised error,suzuki error,% error,time
169,5,-0.3979323703039153,0.7449030414795164,-0.6185938100318349,0.9644931611512844,0.7723213477174344,2,50,373276626,250,CMAES,p,0.4024345999526239,0.4298452570353932,-0.6468413283198621,0.3998927373399285,0.414653540025419,0.0093466256791566,0.028037203983157403,33.33651131821609,575.5765590667725
170,5,-0.3979323703039153,0.7449030414795164,-0.6185938100318349,0.9644931611512844,0.7723213477174344,2,50,554197088,250,CMAES,p,0.4032842678386077,0.4268100529389596,-0.6464823697170152,0.40456979923464553,0.41180289452457153,0.009349077657359355,0.028037203983157403,33.345256763033724,578.246499300003
171,5,-0.3979323703039153,0.7449030414795164,-0.6185938100318349,0.9644931611512844,0.7723213477174344,2,50,858138413,250,CMAES,p,0.40716229447976043,0.4118575166514241,-0.6460566051997026,0.4184075484981709,0.4086139263656626,0.009325149873822236,0.028037203983157403,33.25991378963491,577.5039942264557
172,5,-0.3979323703039153,0.7449030414795164,-0.6185938100318349,0.9644931611512844,0.7723213477174344,2,100,373276626,250,CMAES,p,0.411088103363473,0.41290182452358715,-0.65405047701277,0.41740454297903506,0.4126552202651451,0.0007329489123788607,0.002128309832178264,34.438073878966605,651.7765483856201
173,5,-0.3979323703039153,0.7449030414795164,-0.6185938100318349,0.9644931611512844,0.7723213477174344,2,100,554197088,250,CMAES,p,0.4127864921954166,0.41277582274475205,-0.6540280434264026,0.4157572784740396,0.41270766313738777,0.0007325755027064833,0.002128309832178264,34.420528986454634,656.2524471282959
174,5,-0.3979323703039153,0.7449030414795164,-0.6185938100318349,0.9644931611512844,0.7723213477174344,2,100,858138413,250,CMAES,p,0.4108956293153329,0.4122778388512815,-0.6540948067103014,0.4122386165360219,0.4186818318211496,0.0007324789836771608,0.002128309832178264,34.41599397807084,652.5760164260864
