id,n,v_1,v_2,v_3,v_4,v_5,k,r,seed,gens,algorithm,kind,p_1,p_2,p_3,p_4,p_5,optimised error,suzuki error,% error,time
121,5,0.02902000307786645,-0.4152114361802653,0.9060357844471439,-0.7379464424503042,-0.5940617730831903,2,50,373276626,250,CMAES,p,0.41835763084762856,0.4058776397687872,-0.6488391540835933,0.4061013192459383,0.4184524987231993,0.009566254586888572,0.024571782634799616,38.93187046730761,558.9957802295685
122,5,0.02902000307786645,-0.4152114361802653,0.9060357844471439,-0.7379464424503042,-0.5940617730831903,2,50,554197088,250,CMAES,p,0.40268848900679705,0.4048449900152886,-0.6492572300611512,0.4276279610444563,0.4140361305249581,0.00975197590027504,0.024571782634799616,39.687702130588896,562.749632358551
123,5,0.02902000307786645,-0.4152114361802653,0.9060357844471439,-0.7379464424503042,-0.5940617730831903,2,50,858138413,250,CMAES,p,0.4124903358328922,0.41084408879248535,-0.6485044201031606,0.41181768450595463,0.41330091767704547,0.009632336728220612,0.024571782634799616,39.20080553935424,563.9206023216248
124,5,0.02902000307786645,-0.4152114361802653,0.9060357844471439,-0.7379464424503042,-0.5940617730831903,2,100,373276626,250,CMAES,p,0.4110468837573661,0.41435520346504356,-0.6555935025112055,0.4146225427605142,0.41555996750005947,0.0007176911675799402,0.0018358821786494208,39.09244154806898,636.7641305923462
125,5,0.02902000307786645,-0.4152114361802653,0.9060357844471439,-0.7379464424503042,-0.5940617730831903,2,100,554197088,250,CMAES,p,0.41243597143680194,0.4150499276704661,-0.6555750773572069,0.41240843929372534,0.4156719407442028,0.0007171730159251622,0.0018358821786494208,39.06421796919209,635.1903743743896
126,5,0.02902000307786645,-0.4152114361802653,0.9060357844471439,-0.7379464424503042,-0.5940617730831903,2,100,858138413,250,CMAES,p,0.41359397912899293,0.4126230768355528,-0.6555657657886697,0.41468348960303286,0.41465642118268575,0.0007170112051211571,0.0018358821786494208,39.05540417896704,631.2996888160706
