exp,row,n,k,r,t,p_1,p_2,p_3,p_4,p_5,v_1,v_2,v_3,v_4,v_5,v_6,v_7,v_8,v_9,v_10,v_11,suzuki error,optimised error,%
12,2,6,2,125,10,0.41434658273795033,0.41370819877456294,-0.6567966072550732,0.4144488609271811,0.41429080871141855,-0.10697142702071627,0.529058605311209,0.5043258788245542,-0.3482646246706034,-0.9502583693259468,0.4005212548418273,,,,,,0.000996754987669,0.00051919652528,52.08868094
