exp,row,n,k,r,t,p_1,p_2,p_3,p_4,p_5,v_1,v_2,v_3,v_4,v_5,v_6,v_7,v_8,v_9,v_10,v_11,suzuki error,optimised error,%
12,12,9,2,125,10,0.4134466978122656,0.41417733309301,-0.6567978718700569,0.41511970908879053,0.4140519759518802,-0.10697142702071627,0.529058605311209,0.5043258788245542,-0.3482646246706034,-0.9502583693259468,0.8466208752533799,-0.5436543013120743,0.2944010601350422,0.7046155799576588,,,0.00162125417099,0.000788675421746,48.6460072613
