id,n,v_1,v_2,v_3,v_4,v_5,k,r,seed,gens,algorithm,kind,p_1,p_2,p_3,p_4,p_5,optimised error,suzuki error,% error,time
235,5,0.999084104496638,0.2196479105213669,0.1592370069643183,0.7608713011021457,0.8513853262934397,2,125,9001963,250,CMAES,p,0.414010066575919,0.4147445651038298,-0.6568803379844783,0.41429248875707814,0.4138314235168384,0.0002427205917887648,0.0005282017139333929,45.95225372922062,702.6613020896912
236,5,0.999084104496638,0.2196479105213669,0.1592370069643183,0.7608713011021457,0.8513853262934397,2,125,9555957,250,CMAES,p,0.41454476758509695,0.41429886948151007,-0.6568807367475973,0.4145193557820745,0.4135159499825456,0.00024273522084569907,0.0005282017139333929,45.95502332586303,702.6178903579712
237,5,0.999084104496638,0.2196479105213669,0.1592370069643183,0.7608713011021457,0.8513853262934397,2,125,9809859,250,CMAES,p,0.4135425606457099,0.41397045904814705,-0.6568809204639781,0.41491821833192744,0.41444788998093884,0.00024274308015298174,0.0005282017139333929,45.95651126258784,700.5837798118591
238,5,0.999084104496638,0.2196479105213669,0.1592370069643183,0.7608713011021457,0.8513853262934397,2,125,9869527,250,CMAES,p,0.41411286880797976,0.4147088848272169,-0.6568839594993605,0.415116882470053,0.4129435284249682,0.0002427563438458239,0.0005282017139333929,45.959022366299216,700.5468690395355
239,5,0.999084104496638,0.2196479105213669,0.1592370069643183,0.7608713011021457,0.8513853262934397,2,125,9926156,250,CMAES,p,0.41377735118172115,0.4138733839462756,-0.6568808480443115,0.41444263757349986,0.41478568138049565,0.00024273545041423385,0.0005282017139333929,45.95506678814813,699.1822202205658
240,5,0.999084104496638,0.2196479105213669,0.1592370069643183,0.7608713011021457,0.8513853262934397,2,125,9962042,250,CMAES,p,0.4144219536210338,0.41385216069323166,-0.6568804944059391,0.4139355343637349,0.41466905197138065,0.00024270381912097576,0.0005282017139333929,45.94907830071545,697.9966380596161
