id,n,v_1,v_2,v_3,v_4,v_5,k,r,seed,gens,algorithm,kind,p_1,p_2,p_3,p_4,p_5,optimised error,suzuki error,% error,time
247,5,0.5462491563061158,-0.10068357262268468,0.6027915688719194,-0.2935004274862503,0.5026005440096201,2,75,1813704,250,CMAES,p,0.41549682482164135,0.41206474466880944,-0.6533594060063854,0.4127669169504457,0.41302669123498903,0.002053924206143081,0.004659669690559352,44.078751124879105,647.2290484905243
248,5,0.5462491563061158,-0.10068357262268468,0.6027915688719194,-0.2935004274862503,0.5026005440096201,2,75,2259964,250,CMAES,p,0.41526104534871283,0.4138282459124021,-0.6533859726944006,0.40945921720763273,0.4148332327713783,0.002052839131700266,0.004659669690559352,44.055464615000226,648.3865175247192
249,5,0.5462491563061158,-0.10068357262268468,0.6027915688719194,-0.2935004274862503,0.5026005440096201,2,75,2422921,250,CMAES,p,0.4138836830965628,0.4093409300756341,-0.6533860679078871,0.41605403786896955,0.4141031841086148,0.002054551853057096,0.004659669690559352,44.09222089753888,645.3543512821198
250,5,0.5462491563061158,-0.10068357262268468,0.6027915688719194,-0.2935004274862503,0.5026005440096201,2,75,3488656,250,CMAES,p,0.4125741506496765,0.41574775936454844,-0.6533577990827948,0.41158503343635705,0.41344662968118173,0.002055699841082383,0.004659669690559352,44.11685757999757,647.6452736854553
251,5,0.5462491563061158,-0.10068357262268468,0.6027915688719194,-0.2935004274862503,0.5026005440096201,2,75,3648721,250,CMAES,p,0.4200845116362184,0.4192682802737038,-0.6536938773236208,0.40210686949453084,0.4122299218343523,0.0020582343645657313,0.004659669690559352,44.17125035140975,648.1040637493134
252,5,0.5462491563061158,-0.10068357262268468,0.6027915688719194,-0.2935004274862503,0.5026005440096201,2,75,3679669,250,CMAES,p,0.4152160957914614,0.4127517485758718,-0.6533668520426632,0.41110543882554884,0.414289334645288,0.002053112963512079,0.004659669690559352,44.061341250684684,650.6381907463074
