id,n,v_1,v_2,v_3,v_4,v_5,k,r,seed,gens,algorithm,kind,p_1,p_2,p_3,p_4,p_5,optimised error,suzuki error,% error,time
289,5,0.5462491563061158,-0.10068357262268468,0.6027915688719194,-0.2935004274862503,0.5026005440096201,2,125,7588418,250,CMAES,p,0.4153572781208689,0.4137659261333881,-0.6567895417910012,0.415213928285796,0.41244923915513826,0.00029034924505097053,0.0006408799310920164,45.304780344148845,742.7507283687592
290,5,0.5462491563061158,-0.10068357262268468,0.6027915688719194,-0.2935004274862503,0.5026005440096201,2,125,7822578,250,CMAES,p,0.4140361927834822,0.41350827243115557,-0.6567829364730581,0.4156885999031441,0.41354671038367186,0.0002902570295784538,0.0006408799310920164,45.29039145973495,748.4011015892029
291,5,0.5462491563061158,-0.10068357262268468,0.6027915688719194,-0.2935004274862503,0.5026005440096201,2,125,7913248,250,CMAES,p,0.41384265505328405,0.41480240894687254,-0.656768240713361,0.4144465392268138,0.4136735197649087,0.00029025451795001815,0.0006408799310920164,45.289999556616465,747.8740932941437
292,5,0.5462491563061158,-0.10068357262268468,0.6027915688719194,-0.2935004274862503,0.5026005440096201,2,125,8597652,250,CMAES,p,0.4127225535063786,0.4147050753421141,-0.6567888437637585,0.41408515434456916,0.41527288075948876,0.00029032969821791554,0.0006408799310920164,45.30173034490458,748.2422528266907
293,5,0.5462491563061158,-0.10068357262268468,0.6027915688719194,-0.2935004274862503,0.5026005440096201,2,125,8805269,250,CMAES,p,0.4151527666255147,0.4147595671402821,-0.6567866580459232,0.4135621308205808,0.4133090152010196,0.000290298450745723,0.0006408799310920164,45.29685463095621,746.9965133666992
294,5,0.5462491563061158,-0.10068357262268468,0.6027915688719194,-0.2935004274862503,0.5026005440096201,2,125,8996026,250,CMAES,p,0.41444777139664246,0.4141429090618871,-0.6567522087815655,0.41371599783041535,0.4144424743888465,0.0002902203657702388,0.0006408799310920164,45.284670605260295,748.8128683567047
