id,n,v_1,v_2,v_3,v_4,v_5,k,r,seed,gens,algorithm,kind,p_1,p_2,p_3,p_4,p_5,optimised error,suzuki error,% error,time
205,5,0.999084104496638,0.2196479105213669,0.1592370069643183,0.7608713011021457,0.8513853262934397,2,75,9001963,250,CMAES,p,0.4139883738425716,0.41545369672649957,-0.6551865132365426,0.41342471144181125,0.4123071478558974,0.0017409680648120267,0.0038239202645567604,45.528356878901256,629.0121786594391
206,5,0.999084104496638,0.2196479105213669,0.1592370069643183,0.7608713011021457,0.8513853262934397,2,75,9555957,250,CMAES,p,0.4138529227291369,0.4140679926936001,-0.6551798616264556,0.41377597622830337,0.41347038979656386,0.0017402368585248107,0.0038239202645567604,45.5092349768576,631.5321607589722
207,5,0.999084104496638,0.2196479105213669,0.1592370069643183,0.7608713011021457,0.8513853262934397,2,75,9809859,250,CMAES,p,0.4139703321511923,0.4142262317762559,-0.6551831523664083,0.41452209753620856,0.41245190121517034,0.0017407465092089112,0.0038239202645567604,45.522562940016876,632.0278604030609
208,5,0.999084104496638,0.2196479105213669,0.1592370069643183,0.7608713011021457,0.8513853262934397,2,75,9869527,250,CMAES,p,0.41280930134608257,0.4141995064489377,-0.6551935006075967,0.4122717211203543,0.4159004009967678,0.0017401132100197348,0.0038239202645567604,45.50600142342234,628.1467537879944
209,5,0.999084104496638,0.2196479105213669,0.1592370069643183,0.7608713011021457,0.8513853262934397,2,75,9926156,250,CMAES,p,0.4146705866372724,0.4149907022896997,-0.6551878401638711,0.4120279519507677,0.4134860364447786,0.0017401303869263207,0.0038239202645567604,45.506450619676386,630.5345513820648
210,5,0.999084104496638,0.2196479105213669,0.1592370069643183,0.7608713011021457,0.8513853262934397,2,75,9962042,250,CMAES,p,0.4143368503057692,0.4136914586754479,-0.6551939678539097,0.41575204695937523,0.41140101985673616,0.0017413336006957762,0.0038239202645567604,45.53791607099888,626.0837154388428
