id,n,v_1,v_2,v_3,v_4,v_5,k,r,seed,gens,algorithm,kind,p_1,p_2,p_3,p_4,p_5,optimised error,suzuki error,% error,time
253,5,0.5462491563061158,-0.10068357262268468,0.6027915688719194,-0.2935004274862503,0.5026005440096201,2,75,3901933,250,CMAES,p,0.4166976446117875,0.40943232874491403,-0.6534449221510336,0.41009404866977067,0.41721665296848554,0.0020502777937534064,0.004659669690559352,44.00049638512658,630.9424169063568
254,5,0.5462491563061158,-0.10068357262268468,0.6027915688719194,-0.2935004274862503,0.5026005440096201,2,75,5560785,250,CMAES,p,0.40837860142657156,0.4165706213183036,-0.653797616505564,0.42599085345996973,0.4028532694185279,0.0020710860810632466,0.004659669690559352,44.44705780882574,631.2067997455597
255,5,0.5462491563061158,-0.10068357262268468,0.6027915688719194,-0.2935004274862503,0.5026005440096201,2,75,5692317,250,CMAES,p,0.41791385034184964,0.41567256748499126,-0.6534300716675161,0.4104189961872499,0.4094204059804412,0.002058166986978702,0.004659669690559352,44.16980437795018,626.6671512126923
256,5,0.5462491563061158,-0.10068357262268468,0.6027915688719194,-0.2935004274862503,0.5026005440096201,2,75,6016665,250,CMAES,p,0.4087125815995632,0.41871912904559394,-0.6534177702640169,0.4144588882766042,0.411522935761896,0.0020607946317349217,0.004659669690559352,44.226195601592984,626.4725167751312
257,5,0.5462491563061158,-0.10068357262268468,0.6027915688719194,-0.2935004274862503,0.5026005440096201,2,75,6335549,250,CMAES,p,0.41737747315430895,0.41338237476877693,-0.6533904072206256,0.4113731829142187,0.41125313142279685,0.0020552668320388628,0.004659669690559352,44.107564881753376,626.0304520130157
258,5,0.5462491563061158,-0.10068357262268468,0.6027915688719194,-0.2935004274862503,0.5026005440096201,2,75,6387322,250,CMAES,p,0.4083651564535966,0.4129025734593158,-0.6534138696333021,0.41487339021658143,0.4172685005384784,0.0020591073344904814,0.004659669690559352,44.18998493953987,626.0041990280151
