id,n,v_1,v_2,v_3,v_4,v_5,k,r,seed,gens,algorithm,kind,p_1,p_2,p_3,p_4,p_5,optimised error,suzuki error,% error,time
13,5,-0.10697142702071627,0.529058605311209,0.5043258788245542,-0.3482646246706034,-0.9502583693259468,2,75,3901933,250,CMAES,p,0.4184292950028996,0.4099741708195794,-0.6550445343972265,0.41527307853201667,0.4113525962498634,0.0018632045785896925,0.004040300247899568,46.115497964744506,622.7201590538025
14,5,-0.10697142702071627,0.529058605311209,0.5043258788245542,-0.3482646246706034,-0.9502583693259468,2,75,5560785,250,CMAES,p,0.4145789040686337,0.4136284602521486,-0.6549876127589195,0.41248188028297905,0.4142828900822099,0.0018590479376701912,0.004040300247899568,46.01261845915177,626.6468689441681
15,5,-0.10697142702071627,0.529058605311209,0.5043258788245542,-0.3482646246706034,-0.9502583693259468,2,75,5692317,250,CMAES,p,0.41499632468367986,0.4120248587969947,-0.6549947971828498,0.41532861174864333,0.41262952165644795,0.0018596590230713346,0.004040300247899568,46.02774321136445,624.9043729305267
16,5,-0.10697142702071627,0.529058605311209,0.5043258788245542,-0.3482646246706034,-0.9502583693259468,2,75,6016665,250,CMAES,p,0.41611703547743895,0.41060628912937297,-0.6550075493512237,0.41435401344586503,0.4139147459449453,0.0018591564497352658,0.004040300247899568,46.01530420175545,621.6611480712891
17,5,-0.10697142702071627,0.529058605311209,0.5043258788245542,-0.3482646246706034,-0.9502583693259468,2,75,6335549,250,CMAES,p,0.41408067540890997,0.41075071017754694,-0.6550015867337902,0.4147015047753085,0.4154532368469423,0.0018596430973991025,0.004040300247899568,46.027349040851,626.4876394271851
18,5,-0.10697142702071627,0.529058605311209,0.5043258788245542,-0.3482646246706034,-0.9502583693259468,2,75,6387322,250,CMAES,p,0.4121491378042773,0.41441432300242287,-0.6551708697956409,0.40645937546944544,0.42213272369065014,0.001866302255293892,0.004040300247899568,46.19216743270817,623.1123242378235
