id,n,v_1,v_2,v_3,v_4,v_5,k,r,seed,gens,algorithm,kind,p_1,p_2,p_3,p_4,p_5,optimised error,suzuki error,% error,time
97,5,0.09640984945486153,0.16554078304766007,-0.7392959233634115,-0.32963147600991705,-0.4714438567589781,2,125,1813704,250,CMAES,p,0.4133032211135453,0.41494798555785617,-0.6568161962734607,0.4148429806944449,0.41372012231696514,0.00023611485278432064,0.0005460079975930028,43.24384511311167,710.1869695186615
98,5,0.09640984945486153,0.16554078304766007,-0.7392959233634115,-0.32963147600991705,-0.4714438567589781,2,125,2259964,250,CMAES,p,0.41459868019943946,0.415209889011488,-0.6568168947770465,0.41442167010616227,0.4125847785702566,0.0002366403212916075,0.0005460079975930028,43.34008335680101,708.4342107772827
99,5,0.09640984945486153,0.16554078304766007,-0.7392959233634115,-0.32963147600991705,-0.4714438567589781,2,125,2422921,250,CMAES,p,0.4144752747745773,0.413250581132436,-0.6568147672801394,0.41417115583970693,0.4149158726152817,0.00023621694334618825,0.0005460079975930028,43.26254274434009,702.9642469882965
100,5,0.09640984945486153,0.16554078304766007,-0.7392959233634115,-0.32963147600991705,-0.4714438567589781,2,125,3488656,250,CMAES,p,0.41459730409401785,0.4144106120554852,-0.6568152845406847,0.4131766751711051,0.4146288085996571,0.00023616827834030787,0.0005460079975930028,43.25362987015236,701.0876648426056
101,5,0.09640984945486153,0.16554078304766007,-0.7392959233634115,-0.32963147600991705,-0.4714438567589781,2,125,3648721,250,CMAES,p,0.4146517956919525,0.41341035759806477,-0.6568148868370626,0.41470729487107705,0.4140435533857683,0.00023615554076624783,0.0005460079975930028,43.25129701530112,702.7410144805908
102,5,0.09640984945486153,0.16554078304766007,-0.7392959233634115,-0.32963147600991705,-0.4714438567589781,2,125,3679669,250,CMAES,p,0.4146392760125978,0.41393760791987266,-0.6568132491828352,0.4143153173570646,0.41391916362305564,0.000236186012768037,0.0005460079975930028,43.25687788626336,709.2271177768707
