id,n,v_1,v_2,v_3,v_4,v_5,k,r,seed,gens,algorithm,kind,p_1,p_2,p_3,p_4,p_5,optimised error,suzuki error,% error,time
283,5,0.5462491563061158,-0.10068357262268468,0.6027915688719194,-0.2935004274862503,0.5026005440096201,2,125,3901933,250,CMAES,p,0.4139514211014693,0.4139937921705873,-0.6568204985390328,0.4148241102521725,0.414047850821299,0.0002902527679301059,0.0006408799310920164,45.28972649144039,674.6754257678986
284,5,0.5462491563061158,-0.10068357262268468,0.6027915688719194,-0.2935004274862503,0.5026005440096201,2,125,5560785,250,CMAES,p,0.41467069280999647,0.4140037316180253,-0.6567810200455155,0.4137591567585363,0.4143442704586115,0.0002902195572573498,0.0006408799310920164,45.28454444857325,676.2149150371552
285,5,0.5462491563061158,-0.10068357262268468,0.6027915688719194,-0.2935004274862503,0.5026005440096201,2,125,5692317,250,CMAES,p,0.41415416148066975,0.4146617952645535,-0.6567646408345439,0.41373388016461327,0.41421169884220177,0.00029023272507382674,0.0006408799310920164,45.28659909498018,671.5488610267639
286,5,0.5462491563061158,-0.10068357262268468,0.6027915688719194,-0.2935004274862503,0.5026005440096201,2,125,6016665,250,CMAES,p,0.4146233211732352,0.41421148064012775,-0.6567492928009946,0.412881512560903,0.4150299485606023,0.0002902078093832881,0.0006408799310920164,45.28271136354566,673.2312643527985
287,5,0.5462491563061158,-0.10068357262268468,0.6027915688719194,-0.2935004274862503,0.5026005440096201,2,125,6335549,250,CMAES,p,0.4137856987687916,0.41484169813141075,-0.6567949921205593,0.4140421280987856,0.4141222434541179,0.00029024634438937045,0.0006408799310920164,45.28872419125532,669.382123708725
288,5,0.5462491563061158,-0.10068357262268468,0.6027915688719194,-0.2935004274862503,0.5026005440096201,2,125,6387322,250,CMAES,p,0.4143565850675816,0.4153814131946485,-0.6567978149349133,0.41437930754392766,0.41267729364599814,0.0002903250284482961,0.0006408799310920164,45.30100169521641,667.0042521953583
