id,n,v_1,v_2,v_3,v_4,v_5,k,r,seed,gens,algorithm,kind,p_1,p_2,p_3,p_4,p_5,optimised error,suzuki error,% error,time
277,5,0.5462491563061158,-0.10068357262268468,0.6027915688719194,-0.2935004274862503,0.5026005440096201,2,125,1813704,250,CMAES,p,0.4148289030325896,0.41416594477384316,-0.6567623984902652,0.41344996405757023,0.4143144946591401,0.0002902210064018559,0.0006408799310920164,45.2847705665145,769.1629474163055
278,5,0.5462491563061158,-0.10068357262268468,0.6027915688719194,-0.2935004274862503,0.5026005440096201,2,125,2259964,250,CMAES,p,0.4148289182355953,0.41379704873526163,-0.6567485574887874,0.41412763194864627,0.4139919184007402,0.0002902311086828432,0.0006408799310920164,45.286346880656545,771.4907872676849
279,5,0.5462491563061158,-0.10068357262268468,0.6027915688719194,-0.2935004274862503,0.5026005440096201,2,125,2422921,250,CMAES,p,0.4138073067945954,0.41467282519168713,-0.6567739305444898,0.41429374422538695,0.4139969120902249,0.00029024609597592813,0.0006408799310920164,45.28868542994758,765.8766188621521
280,5,0.5462491563061158,-0.10068357262268468,0.6027915688719194,-0.2935004274862503,0.5026005440096201,2,125,3488656,250,CMAES,p,0.415042718733077,0.4139381824069415,-0.6567672526549231,0.4131546664537485,0.41462858132037955,0.00029020877104070624,0.0006408799310920164,45.282861416210984,762.2142956256866
281,5,0.5462491563061158,-0.10068357262268468,0.6027915688719194,-0.2935004274862503,0.5026005440096201,2,125,3648721,250,CMAES,p,0.414588083195612,0.41397168386910066,-0.6567884866150816,0.41415144269758924,0.4140740771740425,0.00029022951046154177,0.0006408799310920164,45.286097501447756,763.9749517440796
282,5,0.5462491563061158,-0.10068357262268468,0.6027915688719194,-0.2935004274862503,0.5026005440096201,2,125,3679669,250,CMAES,p,0.41414323212511306,0.4151038654783166,-0.6568045242415133,0.4144019034486904,0.41315227000797394,0.0002902836487057947,0.0006408799310920164,45.29454498772817,765.7213752269745
