id,n,v_1,v_2,v_3,v_4,v_5,k,r,seed,gens,algorithm,kind,p_1,p_2,p_3,p_4,p_5,optimised error,suzuki error,% error,time
19,5,-0.10697142702071627,0.529058605311209,0.5043258788245542,-0.3482646246706034,-0.9502583693259468,2,75,7588418,250,CMAES,p,0.41448375528285225,0.4129627443899,-0.6549864563910855,0.413236447838542,0.41428802913894686,0.0018590187123395682,0.004040300247899568,46.01189511363708,624.3340857028961
20,5,-0.10697142702071627,0.529058605311209,0.5043258788245542,-0.3482646246706034,-0.9502583693259468,2,75,7822578,250,CMAES,p,0.4134164780470317,0.41608616290267625,-0.654993524097476,0.4125634174976368,0.4129119740111039,0.0018598162141368038,0.004040300247899568,46.03163379017851,627.3751585483551
21,5,-0.10697142702071627,0.529058605311209,0.5043258788245542,-0.3482646246706034,-0.9502583693259468,2,75,7913248,250,CMAES,p,0.41305368420148825,0.41477795268975626,-0.6550112493174468,0.4107053336121572,0.4164588179046015,0.0018598105584950169,0.004040300247899568,46.03149380944837,625.694785118103
22,5,-0.10697142702071627,0.529058605311209,0.5043258788245542,-0.3482646246706034,-0.9502583693259468,2,75,8597652,250,CMAES,p,0.40968353989045597,0.4148668547668112,-0.655012749971238,0.41353859446851315,0.41690837853707413,0.0018650918936356988,0.004040300247899568,46.162210212107496,624.5355322360992
23,5,-0.10697142702071627,0.529058605311209,0.5043258788245542,-0.3482646246706034,-0.9502583693259468,2,75,8805269,250,CMAES,p,0.41318787046453903,0.4168993216613541,-0.6550017155343799,0.4129973933004868,0.4119016386056418,0.001860528505022219,0.004040300247899568,46.04926344247442,623.7443871498108
24,5,-0.10697142702071627,0.529058605311209,0.5043258788245542,-0.3482646246706034,-0.9502583693259468,2,75,8996026,250,CMAES,p,0.41307954764175214,0.4141483112170458,-0.6549903752805332,0.4123509300976544,0.41539611465904264,0.0018595702967607955,0.004040300247899568,46.02554717876551,624.2440276145935
