id,n,v_1,v_2,v_3,v_4,v_5,k,r,seed,gens,algorithm,kind,p_1,p_2,p_3,p_4,p_5,optimised error,suzuki error,% error,time
7,5,-0.10697142702071627,0.529058605311209,0.5043258788245542,-0.3482646246706034,-0.9502583693259468,2,75,1813704,250,CMAES,p,0.4135231960959974,0.4137194447307468,-0.6549887350164022,0.41547385885402327,0.4122567393954781,0.0018597730637378719,0.004040300247899568,46.03056579036948,608.229327917099
8,5,-0.10697142702071627,0.529058605311209,0.5043258788245542,-0.3482646246706034,-0.9502583693259468,2,75,2259964,250,CMAES,p,0.4137287115885451,0.41450155305767045,-0.6550869391620674,0.4076916690200531,0.4191495836377263,0.001860687863594476,0.004040300247899568,46.05320766845959,609.0835666656494
9,5,-0.10697142702071627,0.529058605311209,0.5043258788245542,-0.3482646246706034,-0.9502583693259468,2,75,2422921,250,CMAES,p,0.4133283274059301,0.41559084937301666,-0.6549949808422533,0.41169072192140416,0.41436959631564513,0.001859325156428897,0.004040300247899568,46.01947979968828,605.6429462432861
10,5,-0.10697142702071627,0.529058605311209,0.5043258788245542,-0.3482646246706034,-0.9502583693259468,2,75,3488656,250,CMAES,p,0.41334935702445164,0.4143422327996689,-0.6549884255391623,0.4123816065396048,0.4148997498092121,0.001859300936910068,0.004040300247899568,46.018880351198234,603.3737409114838
11,5,-0.10697142702071627,0.529058605311209,0.5043258788245542,-0.3482646246706034,-0.9502583693259468,2,75,3648721,250,CMAES,p,0.4127531956118627,0.413316702392401,-0.6549972848939783,0.41648906291468096,0.4124228208351654,0.0018598857181692133,0.004040300247899568,46.03335405917203,600.6031939983368
12,5,-0.10697142702071627,0.529058605311209,0.5043258788245542,-0.3482646246706034,-0.9502583693259468,2,75,3679669,250,CMAES,p,0.4167324727869152,0.4141124361112846,-0.6550024437388764,0.41391445018753237,0.4102276976180026,0.001864441254287491,0.004040300247899568,46.14610647455615,599.6457340717316
