id,n,v_1,v_2,v_3,v_4,v_5,k,r,seed,gens,algorithm,kind,p_1,p_2,p_3,p_4,p_5,optimised error,suzuki error,% error,time
223,5,0.999084104496638,0.2196479105213669,0.1592370069643183,0.7608713011021457,0.8513853262934397,2,125,3901933,250,CMAES,p,0.4159110851063346,0.41310514795544206,-0.6568869241004974,0.41373213319070345,0.41413676419712314,0.0002427486804661365,0.0005282017139333929,45.957571522902604,680.4131636619568
224,5,0.999084104496638,0.2196479105213669,0.1592370069643183,0.7608713011021457,0.8513853262934397,2,125,5560785,250,CMAES,p,0.41421199656834207,0.413998622717205,-0.6568801727571966,0.4142330652068282,0.41443469321011567,0.00024270949827831926,0.0005282017139333929,45.95015348793914,681.7015488147736
225,5,0.999084104496638,0.2196479105213669,0.1592370069643183,0.7608713011021457,0.8513853262934397,2,125,5692317,250,CMAES,p,0.4127609882077108,0.41445321098675647,-0.6568843360520277,0.41502215275372456,0.41464619034822553,0.0002428087203033513,0.0005282017139333929,45.96893836167481,680.0530893802643
226,5,0.999084104496638,0.2196479105213669,0.1592370069643183,0.7608713011021457,0.8513853262934397,2,125,6016665,250,CMAES,p,0.41501374403758645,0.4139645623673514,-0.6568818293897577,0.4134286322824936,0.4144730977964933,0.00024270779395390018,0.0005282017139333929,45.949830822492565,679.7726442813873
227,5,0.999084104496638,0.2196479105213669,0.1592370069643183,0.7608713011021457,0.8513853262934397,2,125,6335549,250,CMAES,p,0.41397760756454377,0.4134493302088613,-0.656881477566893,0.41450954709886273,0.41494320007567576,0.00024273518197428772,0.0005282017139333929,45.955015966664774,666.093231678009
228,5,0.999084104496638,0.2196479105213669,0.1592370069643183,0.7608713011021457,0.8513853262934397,2,125,6387322,250,CMAES,p,0.4142766744713997,0.4131416107975276,-0.6568824214474265,0.4149635309062628,0.41449881203173616,0.00024271721511303412,0.0005282017139333929,45.951614451527725,621.7273330688477
