id,n,v_1,v_2,v_3,v_4,v_5,k,r,seed,gens,algorithm,kind,p_1,p_2,p_3,p_4,p_5,optimised error,suzuki error,% error,time
163,5,-0.14148262945720247,0.4992799373516386,-0.8450044399089445,0.5629205826890511,-0.6166066469120175,2,125,3901933,250,CMAES,p,0.41436721620914047,0.4149581982860552,-0.6564125326633741,0.414617103297224,0.41246702122576945,0.0002674457271823836,0.0008516452848824616,31.403417823101627,686.5638747215271
164,5,-0.14148262945720247,0.4992799373516386,-0.8450044399089445,0.5629205826890511,-0.6166066469120175,2,125,5560785,250,CMAES,p,0.4153704850220357,0.41282938779444006,-0.656412299406813,0.41429484549446577,0.413914586594041,0.0002672013068222192,0.0008516452848824616,31.374718038754427,688.0986375808716
165,5,-0.14148262945720247,0.4992799373516386,-0.8450044399089445,0.5629205826890511,-0.6166066469120175,2,125,5692317,250,CMAES,p,0.4144266610036669,0.4117367539101312,-0.656419744466264,0.4151779326671863,0.4150754032349386,0.0002673525927908306,0.0008516452848824616,31.392482003552548,687.9989812374115
166,5,-0.14148262945720247,0.4992799373516386,-0.8450044399089445,0.5629205826890511,-0.6166066469120175,2,125,6016665,250,CMAES,p,0.4145140366777867,0.41443573466297373,-0.6564109573835083,0.4128847923169908,0.4145733953731984,0.00026701482943047877,0.0008516452848824616,31.35282190487679,682.6568973064423
167,5,-0.14148262945720247,0.4992799373516386,-0.8450044399089445,0.5629205826890511,-0.6166066469120175,2,125,6335549,250,CMAES,p,0.41373852620012563,0.41444105622162,-0.6564086872873521,0.41413449556914056,0.4140916076527897,0.0002669308936179592,0.0008516452848824616,31.342966180432647,681.7648618221283
168,5,-0.14148262945720247,0.4992799373516386,-0.8450044399089445,0.5629205826890511,-0.6166066469120175,2,125,6387322,250,CMAES,p,0.41391334794823176,0.41137300554054496,-0.656429888410136,0.4168343679923298,0.41430617473907033,0.0002673832695625682,0.0008516452848824616,31.39608406326944,682.3699390888214
