id,n,v_1,v_2,v_3,v_4,v_5,k,r,seed,gens,algorithm,kind,p_1,p_2,p_3,p_4,p_5,optimised error,suzuki error,% error,time
259,5,0.5462491563061158,-0.10068357262268468,0.6027915688719194,-0.2935004274862503,0.5026005440096201,2,75,7588418,250,CMAES,p,0.41331680694422207,0.4120398755220956,-0.6533491687751962,0.41403959586140715,0.41394867022672494,0.002054692373713441,0.004659669690559352,44.095236576024206,603.570330619812
260,5,0.5462491563061158,-0.10068357262268468,0.6027915688719194,-0.2935004274862503,0.5026005440096201,2,75,7822578,250,CMAES,p,0.41243573579441395,0.41244078720431643,-0.653352739587826,0.41581754896095807,0.4126544537434626,0.002056405548568,0.004659669690559352,44.13200259096362,605.5104441642761
261,5,0.5462491563061158,-0.10068357262268468,0.6027915688719194,-0.2935004274862503,0.5026005440096201,2,75,7913248,250,CMAES,p,0.411658446271965,0.414627651636242,-0.6533479350566312,0.41432401660078166,0.41273360037466633,0.00205689749633624,0.004659669690559352,44.14256015836453,601.883659362793
262,5,0.5462491563061158,-0.10068357262268468,0.6027915688719194,-0.2935004274862503,0.5026005440096201,2,75,8597652,250,CMAES,p,0.4159241567866224,0.412802602667836,-0.6533643790432911,0.41304959514252926,0.4115837796979445,0.002055146717351883,0.004659669690559352,44.10498713064747,600.8589043617249
263,5,0.5462491563061158,-0.10068357262268468,0.6027915688719194,-0.2935004274862503,0.5026005440096201,2,75,8805269,250,CMAES,p,0.41291971045775105,0.41408111717708274,-0.6533674098751784,0.4108565080081673,0.4155058391596371,0.0020540169920870038,0.004659669690559352,44.08074238069946,602.9298212528229
264,5,0.5462491563061158,-0.10068357262268468,0.6027915688719194,-0.2935004274862503,0.5026005440096201,2,75,8996026,250,CMAES,p,0.415942458469196,0.41280122402254205,-0.6533742399275064,0.41440908991245,0.4102172198419219,0.0020565857246260598,0.004659669690559352,44.13586930405758,606.7759096622467
