id,n,v_1,v_2,v_3,v_4,v_5,k,r,seed,gens,algorithm,kind,p_1,p_2,p_3,p_4,p_5,optimised error,suzuki error,% error,time
49,5,-0.10697142702071627,0.529058605311209,0.5043258788245542,-0.3482646246706034,-0.9502583693259468,2,125,7588418,250,CMAES,p,0.4148497355777406,0.4141056912380384,-0.6567971226936218,0.4135154212385065,0.41432411945918246,0.00025646258905884055,0.0005549036080590062,46.21750252371207,747.5814757347107
50,5,-0.10697142702071627,0.529058605311209,0.5043258788245542,-0.3482646246706034,-0.9502583693259468,2,125,7822578,250,CMAES,p,0.41348547068424707,0.4146496162781328,-0.6567968512796566,0.41411164114945265,0.41454796779812575,0.00025648328971838454,0.0005549036080590062,46.22123302018811,748.5835402011871
51,5,-0.10697142702071627,0.529058605311209,0.5043258788245542,-0.3482646246706034,-0.9502583693259468,2,125,7913248,250,CMAES,p,0.41432918901330584,0.41469224699135376,-0.6567967996936432,0.41358275090689295,0.41419045687623485,0.00025644586415410917,0.0005549036080590062,46.21448850389161,743.6379086971283
52,5,-0.10697142702071627,0.529058605311209,0.5043258788245542,-0.3482646246706034,-0.9502583693259468,2,125,8597652,250,CMAES,p,0.4125996868704142,0.41493863000930675,-0.6568003547191684,0.41467903272880274,0.4145808520759897,0.00025663117970749563,0.0005549036080590062,46.24788449387889,741.8043415546417
53,5,-0.10697142702071627,0.529058605311209,0.5043258788245542,-0.3482646246706034,-0.9502583693259468,2,125,8805269,250,CMAES,p,0.41445241301475233,0.41381980527852313,-0.6567974615834835,0.41366730732035645,0.4148557804036167,0.0002564466861902188,0.0005549036080590062,46.21463664423485,730.8281583786011
54,5,-0.10697142702071627,0.529058605311209,0.5043258788245542,-0.3482646246706034,-0.9502583693259468,2,125,8996026,250,CMAES,p,0.41461742500631277,0.413614834900716,-0.6567970881528351,0.41395250009233103,0.41461017247428517,0.0002564390426769362,0.0005549036080590062,46.21325919540021,716.0553843975067
