id,n,v_1,v_2,v_3,v_4,v_5,k,r,seed,gens,algorithm,kind,p_1,p_2,p_3,p_4,p_5,optimised error,suzuki error,% error,time
91,5,0.09640984945486153,0.16554078304766007,-0.7392959233634115,-0.32963147600991705,-0.4714438567589781,2,125,460591,250,CMAES,p,0.4138904577232755,0.4143495915192099,-0.6568188051012417,0.4155990415467739,0.4129778276290064,0.0002361395690237202,0.0005460079975930028,43.248371830578904,677.7706327438354
92,5,0.09640984945486153,0.16554078304766007,-0.7392959233634115,-0.32963147600991705,-0.4714438567589781,2,125,768387,250,CMAES,p,0.41348561819475926,0.41526632637485134,-0.6568158975121852,0.41447756323612467,0.4135845037174481,0.0002361004038177211,0.0005460079975930028,43.24119882099448,676.458783864975
93,5,0.09640984945486153,0.16554078304766007,-0.7392959233634115,-0.32963147600991705,-0.4714438567589781,2,125,948039,250,CMAES,p,0.4150066707558664,0.41418288319478286,-0.6568141545691121,0.4138323036145543,0.41379041468946975,0.00023633898518122815,0.0005460079975930028,43.28489440138136,674.272215127945
94,5,0.09640984945486153,0.16554078304766007,-0.7392959233634115,-0.32963147600991705,-0.4714438567589781,2,125,1115242,250,CMAES,p,0.41397965182692736,0.4146858962749077,-0.6568147419681264,0.4134304995528335,0.4147168095102677,0.00023616740978221173,0.0005460079975930028,43.25347079590804,675.1790573596954
95,5,0.09640984945486153,0.16554078304766007,-0.7392959233634115,-0.32963147600991705,-0.4714438567589781,2,125,1187090,250,CMAES,p,0.41407104325992383,0.4137658272672341,-0.6568139524956964,0.4142107182860886,0.41476447921167814,0.0002362218385556043,0.0005460079975930028,43.263439289708955,674.4842932224274
96,5,0.09640984945486153,0.16554078304766007,-0.7392959233634115,-0.32963147600991705,-0.4714438567589781,2,125,1552725,250,CMAES,p,0.4123543110798364,0.41131148925095296,-0.6568453939799712,0.41754409497824796,0.4156336487120963,0.00023832926496730752,0.0005460079975930028,43.649409169453115,653.6657257080078
