id,n,v_1,v_2,v_3,v_4,v_5,k,r,seed,gens,algorithm,kind,p_1,p_2,p_3,p_4,p_5,optimised error,suzuki error,% error,time
187,5,0.999084104496638,0.2196479105213669,0.1592370069643183,0.7608713011021457,0.8513853262934397,2,75,1813704,250,CMAES,p,0.41429016324644036,0.4148805972478669,-0.6551835763190135,0.4130084369958501,0.4129918012945557,0.0017404364796215386,0.0038239202645567604,45.514455302672914,633.9139220714569
188,5,0.999084104496638,0.2196479105213669,0.1592370069643183,0.7608713011021457,0.8513853262934397,2,75,2259964,250,CMAES,p,0.41434119424739446,0.41285268003450054,-0.65518241430376,0.4144318253647513,0.41354414118877103,0.0017400159644480166,0.0038239202645567604,45.50345833766243,632.1174507141113
189,5,0.999084104496638,0.2196479105213669,0.1592370069643183,0.7608713011021457,0.8513853262934397,2,75,2422921,250,CMAES,p,0.4131832750966651,0.4160349433691557,-0.6551928965377517,0.41202815329175235,0.4139339424058922,0.001740414722358905,0.0038239202645567604,45.51388632473592,630.050057888031
190,5,0.999084104496638,0.2196479105213669,0.1592370069643183,0.7608713011021457,0.8513853262934397,2,75,3488656,250,CMAES,p,0.4115251825103144,0.417367839999092,-0.6552092696219928,0.4140592593082534,0.4122443756996547,0.001741952826658241,0.0038239202645567604,45.55410955620841,627.9526810646057
191,5,0.999084104496638,0.2196479105213669,0.1592370069643183,0.7608713011021457,0.8513853262934397,2,75,3648721,250,CMAES,p,0.4153933581761259,0.41408219512503097,-0.6552002967333386,0.4109612142480099,0.41475096972643904,0.0017392699106532814,0.0038239202645567604,45.48394815588249,628.1589992046356
192,5,0.999084104496638,0.2196479105213669,0.1592370069643183,0.7608713011021457,0.8513853262934397,2,75,3679669,250,CMAES,p,0.41289115131539633,0.4134628149251498,-0.6551831754581753,0.415124690883475,0.4136919333802605,0.0017406432898304052,0.0038239202645567604,45.519863632202785,625.4362659454346
