id,n,v_1,v_2,v_3,v_4,v_5,k,r,seed,gens,algorithm,kind,p_1,p_2,p_3,p_4,p_5,optimised error,suzuki error,% error,time
175,5,-0.14148262945720247,0.4992799373516386,-0.8450044399089445,0.5629205826890511,-0.6166066469120175,2,125,9001963,250,CMAES,p,0.41447773805260124,0.4144412699600963,-0.6564081186268184,0.4144809457272604,0.4130051718609196,0.00026722492629489955,0.0008516452848824616,31.377491431985106,682.0283694267273
176,5,-0.14148262945720247,0.4992799373516386,-0.8450044399089445,0.5629205826890511,-0.6166066469120175,2,125,9555957,250,CMAES,p,0.4138809005300111,0.41420859719089154,-0.6564080029583181,0.41445514054556826,0.4138603643399057,0.0002669130627975128,0.0008516452848824616,31.340872489460253,681.5225033760071
177,5,-0.14148262945720247,0.4992799373516386,-0.8450044399089445,0.5629205826890511,-0.6166066469120175,2,125,9809859,250,CMAES,p,0.4130307898932176,0.4149193330728647,-0.6564113669602983,0.41345408909241815,0.4150041616254836,0.00026733399010648814,0.0008516452848824616,31.39029768049309,676.0894734859467
178,5,-0.14148262945720247,0.4992799373516386,-0.8450044399089445,0.5629205826890511,-0.6166066469120175,2,125,9869527,250,CMAES,p,0.4140040367426776,0.41403363157047335,-0.6564114622613103,0.41523517144141314,0.4131356208720399,0.00026693086668280074,0.0008516452848824616,31.34296301771233,675.7829873561859
179,5,-0.14148262945720247,0.4992799373516386,-0.8450044399089445,0.5629205826890511,-0.6166066469120175,2,125,9926156,250,CMAES,p,0.41415395155115886,0.4145750319092856,-0.6564081057083571,0.41363117985877,0.41404494353317706,0.0002669586461167861,0.0008516452848824616,31.346224872674533,676.336681842804
180,5,-0.14148262945720247,0.4992799373516386,-0.8450044399089445,0.5629205826890511,-0.6166066469120175,2,125,9962042,250,CMAES,p,0.41366798204262356,0.4149948878613083,-0.6564129175942544,0.4149263047031417,0.412820741179742,0.0002669544518877175,0.0008516452848824616,31.345732387229823,675.1815025806427
