id,n,v_1,v_2,v_3,v_4,v_5,k,r,seed,gens,algorithm,kind,p_1,p_2,p_3,p_4,p_5,optimised error,suzuki error,% error,time
181,5,0.999084104496638,0.2196479105213669,0.1592370069643183,0.7608713011021457,0.8513853262934397,2,75,460591,250,CMAES,p,0.41452864203291473,0.41313451584414157,-0.6551828451043805,0.41339979315199815,0.4141073213839922,0.0017396905672126847,0.0038239202645567604,45.4949488182996,623.5360465049744
182,5,0.999084104496638,0.2196479105213669,0.1592370069643183,0.7608713011021457,0.8513853262934397,2,75,768387,250,CMAES,p,0.41310429196746395,0.4117671234339908,-0.6551943103645581,0.4157508684817931,0.4145594477299935,0.0017404972561064268,0.0038239202645567604,45.51604467903758,624.30384349823
183,5,0.999084104496638,0.2196479105213669,0.1592370069643183,0.7608713011021457,0.8513853262934397,2,75,948039,250,CMAES,p,0.4133311272173591,0.41378278108786487,-0.6551801669838873,0.4144187534463255,0.41363492336672975,0.0017403921601169573,0.0038239202645567604,45.5132962956457,619.7195863723755
184,5,0.999084104496638,0.2196479105213669,0.1592370069643183,0.7608713011021457,0.8513853262934397,2,75,1115242,250,CMAES,p,0.41527503556915185,0.41315947389885505,-0.6552078765986208,0.4108322001947193,0.4159286168091829,0.0017387655444500592,0.0038239202645567604,45.47075838809634,618.4415454864502
185,5,0.999084104496638,0.2196479105213669,0.1592370069643183,0.7608713011021457,0.8513853262934397,2,75,1187090,250,CMAES,p,0.4169659910767644,0.413204050120919,-0.6552065569846602,0.4135417953784952,0.411482147418456,0.0017415292727465403,0.0038239202645567604,45.54303312463041,621.0070657730103
186,5,0.999084104496638,0.2196479105213669,0.1592370069643183,0.7608713011021457,0.8513853262934397,2,75,1552725,250,CMAES,p,0.41648375577009983,0.4122859181223811,-0.6552005794079112,0.41237285469992996,0.41404549685339814,0.0017393230713317488,0.0038239202645567604,45.485338369976645,614.4173200130463
