id,n,v_1,v_2,v_3,v_4,v_5,k,r,seed,gens,algorithm,kind,p_1,p_2,p_3,p_4,p_5,optimised error,suzuki error,% error,time
133,5,-0.14148262945720247,0.4992799373516386,-0.8450044399089445,0.5629205826890511,-0.6166066469120175,2,75,3901933,250,CMAES,p,0.4178396236662885,0.41373034184811264,-0.6540272842800979,0.41094758672800846,0.41148923592464204,0.0019482081749528514,0.006164282866649955,31.604782212267715,609.5556876659393
134,5,-0.14148262945720247,0.4992799373516386,-0.8450044399089445,0.5629205826890511,-0.6166066469120175,2,75,5560785,250,CMAES,p,0.40931665963952,0.4136193234263697,-0.6540329352897954,0.41344819193340643,0.41762827149118076,0.001953844988105409,0.006164282866649955,31.696225341574024,591.1609983444214
135,5,-0.14148262945720247,0.4992799373516386,-0.8450044399089445,0.5629205826890511,-0.6166066469120175,2,75,5692317,250,CMAES,p,0.41649114027689516,0.4145169452305152,-0.6540179849602994,0.41038998070988386,0.4125993004610088,0.0019397930839673218,0.006164282866649955,31.468268506333537,579.9881899356842
136,5,-0.14148262945720247,0.4992799373516386,-0.8450044399089445,0.5629205826890511,-0.6166066469120175,2,75,6016665,250,CMAES,p,0.413005130820929,0.412672859364561,-0.6539956481603005,0.41431878095222957,0.4139780762490387,0.0019315879790439841,0.006164282866649955,31.3351612966088,580.2762541770935
137,5,-0.14148262945720247,0.4992799373516386,-0.8450044399089445,0.5629205826890511,-0.6166066469120175,2,75,6335549,250,CMAES,p,0.4150550572794139,0.40947471248423034,-0.6540322479746586,0.4160878738584247,0.41339383886268416,0.0019315318546560254,0.006164282866649955,31.334250819442634,578.6995732784271
138,5,-0.14148262945720247,0.4992799373516386,-0.8450044399089445,0.5629205826890511,-0.6166066469120175,2,75,6387322,250,CMAES,p,0.41276185903306745,0.4115470440064483,-0.6540104571650122,0.4162616842503542,0.41341905700100534,0.0019319466979958318,0.006164282866649955,31.340980610219287,579.4142825603485
