id,n,v_1,v_2,v_3,v_4,v_5,k,r,seed,gens,algorithm,kind,p_1,p_2,p_3,p_4,p_5,optimised error,suzuki error,% error,time
73,5,0.09640984945486153,0.16554078304766007,-0.7392959233634115,-0.32963147600991705,-0.4714438567589781,2,75,3901933,250,CMAES,p,0.41202891756091164,0.4111479102981082,-0.6550558032410086,0.41687370841177507,0.4149918566843378,0.001716705593529515,0.003979504230460386,43.138679948856606,627.0224118232727
74,5,0.09640984945486153,0.16554078304766007,-0.7392959233634115,-0.32963147600991705,-0.4714438567589781,2,75,5560785,250,CMAES,p,0.415275708309762,0.41278285549595073,-0.6550324747885267,0.4138955013893771,0.41306496112631075,0.0017127378718406927,0.003979504230460386,43.038976029497704,623.6341471672058
75,5,0.09640984945486153,0.16554078304766007,-0.7392959233634115,-0.32963147600991705,-0.4714438567589781,2,75,5692317,250,CMAES,p,0.4128814065501019,0.41249110198357825,-0.6550760635166715,0.4109285496695674,0.4187617111839705,0.0017195303005016279,0.003979504230460386,43.20966132765479,620.8427178859711
76,5,0.09640984945486153,0.16554078304766007,-0.7392959233634115,-0.32963147600991705,-0.4714438567589781,2,75,6016665,250,CMAES,p,0.4162702775121304,0.4150837446953072,-0.655045766811937,0.4126470055676746,0.4110313893033207,0.0017203456517842872,0.003979504230460386,43.23015009297431,616.680237531662
77,5,0.09640984945486153,0.16554078304766007,-0.7392959233634115,-0.32963147600991705,-0.4714438567589781,2,75,6335549,250,CMAES,p,0.412476965718324,0.4142757483657635,-0.6550323074851301,0.4132634778495598,0.41500265804531977,0.0017131480122073368,0.003979504230460386,43.04928234764419,608.4952948093414
78,5,0.09640984945486153,0.16554078304766007,-0.7392959233634115,-0.32963147600991705,-0.4714438567589781,2,75,6387322,250,CMAES,p,0.4129189500775091,0.41493460887512057,-0.6550578427999937,0.4165317795747799,0.410658975297698,0.0017129891921843557,0.003979504230460386,43.045291397671946,588.4988486766815
