id,n,v_1,v_2,v_3,v_4,v_5,k,r,seed,gens,algorithm,kind,p_1,p_2,p_3,p_4,p_5,optimised error,suzuki error,% error,time
271,5,0.5462491563061158,-0.10068357262268468,0.6027915688719194,-0.2935004274862503,0.5026005440096201,2,125,460591,250,CMAES,p,0.41451043575818974,0.4139647818534565,-0.656767409908108,0.4135090815666131,0.4147799991339987,0.0002902116493483848,0.0006408799310920164,45.283310534296746,747.9648275375366
272,5,0.5462491563061158,-0.10068357262268468,0.6027915688719194,-0.2935004274862503,0.5026005440096201,2,125,768387,250,CMAES,p,0.4149713257180283,0.4140065701478926,-0.6567744735123335,0.4135886017949368,0.4142048367476042,0.00029022474189138405,0.0006408799310920164,45.285353435371356,752.112678527832
273,5,0.5462491563061158,-0.10068357262268468,0.6027915688719194,-0.2935004274862503,0.5026005440096201,2,125,948039,250,CMAES,p,0.41473659494569337,0.41350365626272784,-0.6568220553855353,0.41455965162952607,0.4140188256584467,0.000290237560736722,0.0006408799310920164,45.28735362990329,759.446674823761
274,5,0.5462491563061158,-0.10068357262268468,0.6027915688719194,-0.2935004274862503,0.5026005440096201,2,125,1115242,250,CMAES,p,0.41351459872383733,0.4137909756183976,-0.6567755973413992,0.41453537080881164,0.4149315099329988,0.0002902681159402785,0.0006408799310920164,45.29212132539102,754.6977882385254
275,5,0.5462491563061158,-0.10068357262268468,0.6027915688719194,-0.2935004274862503,0.5026005440096201,2,125,1187090,250,CMAES,p,0.41306923665094486,0.41480556500146737,-0.6567864858045483,0.4135076178104088,0.4154008958139327,0.0002902948798090832,0.0006408799310920164,45.29629743818631,753.8266794681549
276,5,0.5462491563061158,-0.10068357262268468,0.6027915688719194,-0.2935004274862503,0.5026005440096201,2,125,1552725,250,CMAES,p,0.41537294473730607,0.41371495055459756,-0.6567763479716467,0.41301250820465213,0.4146728128921492,0.0002902078968864846,0.0006408799310920164,45.28272501714787,761.6424870491028
