id,n,v_1,v_2,v_3,v_4,v_5,k,r,seed,gens,algorithm,kind,p_1,p_2,p_3,p_4,p_5,optimised error,suzuki error,% error,time
103,5,0.09640984945486153,0.16554078304766007,-0.7392959233634115,-0.32963147600991705,-0.4714438567589781,2,125,3901933,250,CMAES,p,0.41452571175792596,0.416220263539234,-0.6568250886855437,0.412076368661816,0.4140008651503471,0.0002364045401364081,0.0005460079975930028,43.296900627566494,698.362343788147
104,5,0.09640984945486153,0.16554078304766007,-0.7392959233634115,-0.32963147600991705,-0.4714438567589781,2,125,5560785,250,CMAES,p,0.41377852156670797,0.41441102488057824,-0.6568135192424558,0.41435727561313146,0.41426481148208016,0.0002361502483221173,0.0005460079975930028,43.250327717387194,697.5271322727203
105,5,0.09640984945486153,0.16554078304766007,-0.7392959233634115,-0.32963147600991705,-0.4714438567589781,2,125,5692317,250,CMAES,p,0.41377368781451795,0.4152170376157064,-0.6568175040827146,0.4132200252255018,0.41460486673856417,0.0002361534308552357,0.0005460079975930028,43.25091059037302,694.2375869750977
106,5,0.09640984945486153,0.16554078304766007,-0.7392959233634115,-0.32963147600991705,-0.4714438567589781,2,125,6016665,250,CMAES,p,0.4136858765234528,0.4142819253136393,-0.6568139384291123,0.41476724674947085,0.414077004166481,0.00023614605610808764,0.0005460079975930028,43.249559923866194,689.7717504501343
107,5,0.09640984945486153,0.16554078304766007,-0.7392959233634115,-0.32963147600991705,-0.4714438567589781,2,125,6335549,250,CMAES,p,0.41470711010083733,0.4140566632425936,-0.656814204023947,0.41458687669197536,0.41346167050937344,0.00023627294853647928,0.0005460079975930028,43.272799954955666,689.8217675685883
108,5,0.09640984945486153,0.16554078304766007,-0.7392959233634115,-0.32963147600991705,-0.4714438567589781,2,125,6387322,250,CMAES,p,0.41292303328045876,0.4166500863642669,-0.6568294541564738,0.41253066263484783,0.4147237873491857,0.00023620962600631425,0.0005460079975930028,43.26120259183202,689.9346990585327
