id,n,v_1,v_2,v_3,v_4,v_5,k,r,seed,gens,algorithm,kind,p_1,p_2,p_3,p_4,p_5,optimised error,suzuki error,% error,time
121,5,-0.14148262945720247,0.4992799373516386,-0.8450044399089445,0.5629205826890511,-0.6166066469120175,2,75,460591,250,CMAES,p,0.41170447027547,0.4164486154087466,-0.6540259952895862,0.4150473166503585,0.4108046653394055,0.0019306199958019931,0.006164282866649955,31.319458200840305,599.4033739566803
122,5,-0.14148262945720247,0.4992799373516386,-0.8450044399089445,0.5629205826890511,-0.6166066469120175,2,75,768387,250,CMAES,p,0.41377668120037925,0.413237357001012,-0.654076966960577,0.4191902298532405,0.4078519249013912,0.001937842389621123,0.006164282866649955,31.436623392240012,600.904618024826
123,5,-0.14148262945720247,0.4992799373516386,-0.8450044399089445,0.5629205826890511,-0.6166066469120175,2,75,948039,250,CMAES,p,0.41606287557244737,0.4131224418366402,-0.6540018209106193,0.4127915225448083,0.41200430513450054,0.001937293519455651,0.006164282866649955,31.427719352997407,599.7036044597626
124,5,-0.14148262945720247,0.4992799373516386,-0.8450044399089445,0.5629205826890511,-0.6166066469120175,2,75,1115242,250,CMAES,p,0.41541594644349583,0.41333271250082865,-0.6539976814391778,0.41363363553293936,0.41159467612220063,0.0019360049609866892,0.006164282866649955,31.40681572970761,596.948194026947
125,5,-0.14148262945720247,0.4992799373516386,-0.8450044399089445,0.5629205826890511,-0.6166066469120175,2,75,1187090,250,CMAES,p,0.416068897352063,0.41291521529485886,-0.6540056365128745,0.41158010805504786,0.41342073823927256,0.0019347153236901802,0.006164282866649955,31.385894605151723,593.5255227088928
126,5,-0.14148262945720247,0.4992799373516386,-0.8450044399089445,0.5629205826890511,-0.6166066469120175,2,75,1552725,250,CMAES,p,0.4140417059427089,0.41266248828043656,-0.6539948564987891,0.41296963131005193,0.41430026970825484,0.0019312810740479444,0.006164282866649955,31.33018253423402,595.2672765254974
