id,n,v_1,v_2,v_3,v_4,v_5,k,r,seed,gens,algorithm,kind,p_1,p_2,p_3,p_4,p_5,optimised error,suzuki error,% error,time
85,5,0.09640984945486153,0.16554078304766007,-0.7392959233634115,-0.32963147600991705,-0.4714438567589781,2,75,9001963,250,CMAES,p,0.4114706560657216,0.41660600812888987,-0.6550676194033604,0.410835364735713,0.4161421618954339,0.0017149392047548651,0.003979504230460386,43.09429279225731,628.979029417038
86,5,0.09640984945486153,0.16554078304766007,-0.7392959233634115,-0.32963147600991705,-0.4714438567589781,2,75,9555957,250,CMAES,p,0.41444965107963405,0.4128903243864131,-0.6550324417322846,0.4143116500961751,0.41336733351189614,0.0017118638476380547,0.003979504230460386,43.01701288655271,632.5082104206085
87,5,0.09640984945486153,0.16554078304766007,-0.7392959233634115,-0.32963147600991705,-0.4714438567589781,2,75,9809859,250,CMAES,p,0.4146341481003831,0.41325101532204406,-0.6550317407023057,0.4128320223563919,0.41430109640847523,0.00171172890431045,0.003979504230460386,43.01362192828782,630.8964486122131
88,5,0.09640984945486153,0.16554078304766007,-0.7392959233634115,-0.32963147600991705,-0.4714438567589781,2,75,9869527,250,CMAES,p,0.4117667958290022,0.4156745501659107,-0.6550426057626076,0.41464958929183243,0.4129381468393314,0.001712112023735696,0.003979504230460386,43.02324924372861,629.0197093486786
89,5,0.09640984945486153,0.16554078304766007,-0.7392959233634115,-0.32963147600991705,-0.4714438567589781,2,75,9926156,250,CMAES,p,0.4105645249852548,0.4152909279691975,-0.6550436687781567,0.41442007932505304,0.41475469900131223,0.0017160985282594092,0.003979504230460386,43.12342515240585,630.7073328495026
90,5,0.09640984945486153,0.16554078304766007,-0.7392959233634115,-0.32963147600991705,-0.4714438567589781,2,75,9962042,250,CMAES,p,0.4086958883223676,0.4127127541928823,-0.6550770739645245,0.4165013670746805,0.4171538831993291,0.0017321304219335546,0.003979504230460386,43.5262867337916,629.911614894867
