id,n,v_1,v_2,v_3,v_4,v_5,k,r,seed,gens,algorithm,kind,p_1,p_2,p_3,p_4,p_5,optimised error,suzuki error,% error,time
67,5,0.09640984945486153,0.16554078304766007,-0.7392959233634115,-0.32963147600991705,-0.4714438567589781,2,75,1813704,250,CMAES,p,0.410345048514338,0.4130225003314708,-0.6550521263004949,0.4148263840183465,0.4168448931256504,0.0017236343614381448,0.003979504230460386,43.31279128301715,645.09268450737
68,5,0.09640984945486153,0.16554078304766007,-0.7392959233634115,-0.32963147600991705,-0.4714438567589781,2,75,2259964,250,CMAES,p,0.4121352712012189,0.416798777505293,-0.655050596517456,0.41222325388726017,0.41387979007626974,0.001712023848763168,0.003979504230460386,43.02103351615498,645.3626344203949
69,5,0.09640984945486153,0.16554078304766007,-0.7392959233634115,-0.32963147600991705,-0.4714438567589781,2,75,2422921,250,CMAES,p,0.41405676919368717,0.41384403234605943,-0.6550299750079411,0.413996496311079,0.4131191886432358,0.0017119365859907707,0.003979504230460386,43.01884071103797,642.5211129188538
70,5,0.09640984945486153,0.16554078304766007,-0.7392959233634115,-0.32963147600991705,-0.4714438567589781,2,75,3488656,250,CMAES,p,0.41413458430753636,0.4147514311993417,-0.6550310594439814,0.41305196999530835,0.413079596415286,0.001712296493026373,0.003979504230460386,43.02788472794961,641.5273776054382
71,5,0.09640984945486153,0.16554078304766007,-0.7392959233634115,-0.32963147600991705,-0.4714438567589781,2,75,3648721,250,CMAES,p,0.41508674316626565,0.41329288702312694,-0.6550515302404408,0.41089310845273985,0.41576535813624405,0.001711743562460219,0.003979504230460386,43.01399026939063,642.0306112766266
72,5,0.09640984945486153,0.16554078304766007,-0.7392959233634115,-0.32963147600991705,-0.4714438567589781,2,75,3679669,250,CMAES,p,0.41733463370840396,0.4133811527821575,-0.6550490473603459,0.41188512456594717,0.4124348052559357,0.0017187660102786163,0.003979504230460386,43.1904556633622,643.2120397090912
