id,n,v_1,v_2,v_3,v_4,v_5,k,r,seed,gens,algorithm,kind,p_1,p_2,p_3,p_4,p_5,optimised error,suzuki error,% error,time
199,5,0.999084104496638,0.2196479105213669,0.1592370069643183,0.7608713011021457,0.8513853262934397,2,75,7588418,250,CMAES,p,0.41348162082112794,0.4138314733666725,-0.6551842722715567,0.41284702106645793,0.4150115882169941,0.001739851221058905,0.0038239202645567604,45.4991501048094,653.794308423996
200,5,0.999084104496638,0.2196479105213669,0.1592370069643183,0.7608713011021457,0.8513853262934397,2,75,7822578,250,CMAES,p,0.41493205130378985,0.4126605566055543,-0.6551894252672904,0.4151213915242996,0.41246284570267233,0.001740461963597033,0.0038239202645567604,45.51512173852228,652.019305229187
201,5,0.999084104496638,0.2196479105213669,0.1592370069643183,0.7608713011021457,0.8513853262934397,2,75,7913248,250,CMAES,p,0.4138334554484213,0.4147908663796763,-0.6551816435400639,0.4134917199056888,0.4130530200679771,0.001740491790124901,0.0038239202645567604,45.51590173720962,649.3187799453735
202,5,0.999084104496638,0.2196479105213669,0.1592370069643183,0.7608713011021457,0.8513853262934397,2,75,8597652,250,CMAES,p,0.41617263731307363,0.4100820374503196,-0.6552227414110595,0.4161798900174286,0.4127756036383748,0.0017400650879564228,0.0038239202645567604,45.50474297502429,650.4349904060364
203,5,0.999084104496638,0.2196479105213669,0.1592370069643183,0.7608713011021457,0.8513853262934397,2,75,8805269,250,CMAES,p,0.41421237081112977,0.41364363991803016,-0.6551803740919235,0.41368614291138717,0.4136256442571803,0.001740027105065271,0.0038239202645567604,45.50374967787049,646.2134666442871
204,5,0.999084104496638,0.2196479105213669,0.1592370069643183,0.7608713011021457,0.8513853262934397,2,75,8996026,250,CMAES,p,0.4115538643228309,0.4135585780976907,-0.6551947026197653,0.41441607422442334,0.4156535988304517,0.0017413831519907243,0.0038239202645567604,45.53921189548056,643.3962438106537
