id,n,v_1,v_2,v_3,v_4,v_5,k,r,seed,gens,algorithm,kind,p_1,p_2,p_3,p_4,p_5,optimised error,suzuki error,% error,time
193,5,0.999084104496638,0.2196479105213669,0.1592370069643183,0.7608713011021457,0.8513853262934397,2,75,3901933,250,CMAES,p,0.41374046313083684,0.41389708820863264,-0.6551887965735407,0.41223980340919697,0.4152988710892427,0.0017396302374166834,0.0038239202645567604,45.49337112337325,629.0986444950104
194,5,0.999084104496638,0.2196479105213669,0.1592370069643183,0.7608713011021457,0.8513853262934397,2,75,5560785,250,CMAES,p,0.41196487036285356,0.4153680797901546,-0.6551938617978516,0.41268506715778336,0.41516326102065115,0.0017407723722507931,0.0038239202645567604,45.52323928889689,631.5186467170715
195,5,0.999084104496638,0.2196479105213669,0.1592370069643183,0.7608713011021457,0.8513853262934397,2,75,5692317,250,CMAES,p,0.4137145955291164,0.41693611917141205,-0.6552074191055917,0.4137503375084863,0.4107937653008936,0.0017423475425459632,0.0038239202645567604,45.564431839635205,631.6310575008392
196,5,0.999084104496638,0.2196479105213669,0.1592370069643183,0.7608713011021457,0.8513853262934397,2,75,6016665,250,CMAES,p,0.41165018526194697,0.41801974310134293,-0.6552161623305703,0.4123194819895259,0.4132141610882608,0.0017415589051522752,0.0038239202645567604,45.54380804679628,629.2035870552063
197,5,0.999084104496638,0.2196479105213669,0.1592370069643183,0.7608713011021457,0.8513853262934397,2,75,6335549,250,CMAES,p,0.41371006960974904,0.41172855623690136,-0.6551918926274418,0.41550650659331073,0.4142341836897275,0.0017401583134837425,0.0038239202645567604,45.50718093190807,624.176952123642
198,5,0.999084104496638,0.2196479105213669,0.1592370069643183,0.7608713011021457,0.8513853262934397,2,75,6387322,250,CMAES,p,0.41608752794325743,0.4159950798257165,-0.6552198323964463,0.4131027883833095,0.4100218389238192,0.0017434814940426393,0.0038239202645567604,45.594086001286705,624.0101931095123
