id,n,v_1,v_2,v_3,v_4,v_5,k,r,seed,gens,algorithm,kind,p_1,p_2,p_3,p_4,p_5,optimised error,suzuki error,% error,time
241,5,0.5462491563061158,-0.10068357262268468,0.6027915688719194,-0.2935004274862503,0.5026005440096201,2,75,460591,250,CMAES,p,0.4152166552618616,0.41138001733874247,-0.6533779842158541,0.4119947731164299,0.414782217584173,0.0020527621370067394,0.004659669690559352,44.05381225123542,619.3898606300354
242,5,0.5462491563061158,-0.10068357262268468,0.6027915688719194,-0.2935004274862503,0.5026005440096201,2,75,768387,250,CMAES,p,0.4160566255962995,0.4070166206887914,-0.6534744561892696,0.41240269118589107,0.4179942601876272,0.0020507628510203543,0.004659669690559352,44.0109060772112,606.484940290451
243,5,0.5462491563061158,-0.10068357262268468,0.6027915688719194,-0.2935004274862503,0.5026005440096201,2,75,948039,250,CMAES,p,0.41632963090543856,0.41468610954606355,-0.6533858616960095,0.4129284446096945,0.4094374412560088,0.002057733236978685,0.004659669690559352,44.160495778224835,601.3256547451019
244,5,0.5462491563061158,-0.10068357262268468,0.6027915688719194,-0.2935004274862503,0.5026005440096201,2,75,1115242,250,CMAES,p,0.4104066288964347,0.41654887097631416,-0.6533674693546901,0.4144196414081487,0.4119881244317948,0.002058610512236662,0.004659669690559352,44.17932276202917,601.2186410427094
245,5,0.5462491563061158,-0.10068357262268468,0.6027915688719194,-0.2935004274862503,0.5026005440096201,2,75,1187090,250,CMAES,p,0.4100407186858162,0.4146589741064355,-0.6534158070451507,0.41069154869732727,0.41802032543445805,0.0020561221283221577,0.004659669690559352,44.125920180306565,603.0908133983612
246,5,0.5462491563061158,-0.10068357262268468,0.6027915688719194,-0.2935004274862503,0.5026005440096201,2,75,1552725,250,CMAES,p,0.4139093129294532,0.4127012285287754,-0.6533461397613053,0.4140507421353169,0.41268063733047733,0.0020551767816965505,0.004659669690559352,44.10563233399157,584.856910943985
