id,n,v_1,v_2,v_3,v_4,v_5,k,r,seed,gens,algorithm,kind,p_1,p_2,p_3,p_4,p_5,optimised error,suzuki error,% error,time
37,5,-0.10697142702071627,0.529058605311209,0.5043258788245542,-0.3482646246706034,-0.9502583693259468,2,125,1813704,250,CMAES,p,0.4141122241969757,0.4144926737846044,-0.6567965327496547,0.41367792563455447,0.41451155318317084,0.00025643945670948784,0.0005549036080590062,46.21333380881876,686.9883148670197
38,5,-0.10697142702071627,0.529058605311209,0.5043258788245542,-0.3482646246706034,-0.9502583693259468,2,125,2259964,250,CMAES,p,0.41448566967594797,0.4138066010695935,-0.6567959014765217,0.4141207143781704,0.4143807606996416,0.0002564379172665675,0.0005549036080590062,46.213056383532994,689.6403872966766
39,5,-0.10697142702071627,0.529058605311209,0.5043258788245542,-0.3482646246706034,-0.9502583693259468,2,125,2422921,250,CMAES,p,0.41456839844921045,0.4136646083363134,-0.6567966534942531,0.4144930579219446,0.41406843287399836,0.0002564423958273747,0.0005549036080590062,46.213863471600575,688.0078251361847
40,5,-0.10697142702071627,0.529058605311209,0.5043258788245542,-0.3482646246706034,-0.9502583693259468,2,125,3488656,250,CMAES,p,0.41359300476764727,0.415112277628227,-0.6567982688584693,0.41429488122877306,0.41379594835857836,0.0002564362683440285,0.0005549036080590062,46.212759228763225,685.9626498222351
41,5,-0.10697142702071627,0.529058605311209,0.5043258788245542,-0.3482646246706034,-0.9502583693259468,2,125,3648721,250,CMAES,p,0.4140045079332144,0.414768469450884,-0.6568000770342624,0.4129599482865199,0.4150649959492345,0.0002564635347870065,0.0005549036080590062,46.21767295478375,666.7105913162231
42,5,-0.10697142702071627,0.529058605311209,0.5043258788245542,-0.3482646246706034,-0.9502583693259468,2,125,3679669,250,CMAES,p,0.4157878206135987,0.4151188165804075,-0.6568053338161534,0.4122029646564645,0.41369358426813757,0.0002568315392447887,0.0005549036080590062,46.283991582458455,662.5726947784424
