id,n,v_1,v_2,v_3,v_4,v_5,k,r,seed,gens,algorithm,kind,p_1,p_2,p_3,p_4,p_5,optimised error,suzuki error,% error,time
61,5,0.09640984945486153,0.16554078304766007,-0.7392959233634115,-0.32963147600991705,-0.4714438567589781,2,75,460591,250,CMAES,p,0.41308890832745426,0.4140593338961804,-0.6550299909003034,0.41451402885847377,0.4133542232802644,0.0017117808500717083,0.003979504230460386,43.01492726076769,606.079662322998
62,5,0.09640984945486153,0.16554078304766007,-0.7392959233634115,-0.32963147600991705,-0.4714438567589781,2,75,768387,250,CMAES,p,0.41170621214242925,0.4173849817071502,-0.6550573764076189,0.41331481883629956,0.41263783418906197,0.001711995274083249,0.003979504230460386,43.020315469929514,606.3800973892212
63,5,0.09640984945486153,0.16554078304766007,-0.7392959233634115,-0.32963147600991705,-0.4714438567589781,2,75,948039,250,CMAES,p,0.41487158011929837,0.4148566805907616,-0.655048104748783,0.41071446360572333,0.4145919320499727,0.0017121808351605332,0.003979504230460386,43.02497838939229,603.8540885448456
64,5,0.09640984945486153,0.16554078304766007,-0.7392959233634115,-0.32963147600991705,-0.4714438567589781,2,75,1115242,250,CMAES,p,0.41481657075903294,0.4126149619287355,-0.6550322866373853,0.4140704928233671,0.4135167956614751,0.0017119522157784273,0.003979504230460386,43.01923346819442,604.6590533256531
65,5,0.09640984945486153,0.16554078304766007,-0.7392959233634115,-0.32963147600991705,-0.4714438567589781,2,75,1187090,250,CMAES,p,0.41385051170939374,0.41291186945443165,-0.6550327298364644,0.41323460029706643,0.41502229118080475,0.0017121026614917985,0.003979504230460386,43.023013982164464,601.2716217041016
66,5,0.09640984945486153,0.16554078304766007,-0.7392959233634115,-0.32963147600991705,-0.4714438567589781,2,75,1552725,250,CMAES,p,0.41437594154125,0.41297766673855274,-0.6550424525115269,0.41589478321507406,0.41178057233088405,0.0017128409528650726,0.003979504230460386,43.041566327645675,601.0456564426422
