id,n,v_1,v_2,v_3,v_4,v_5,k,r,seed,gens,algorithm,kind,p_1,p_2,p_3,p_4,p_5,optimised error,suzuki error,% error,time
43,5,-0.10697142702071627,0.529058605311209,0.5043258788245542,-0.3482646246706034,-0.9502583693259468,2,125,3901933,250,CMAES,p,0.4152525037316413,0.4136452184956687,-0.6567982604334538,0.4137145304602863,0.4141838533418071,0.00025649960215756896,0.0005549036080590062,46.22417270898225,700.8700964450836
44,5,-0.10697142702071627,0.529058605311209,0.5043258788245542,-0.3482646246706034,-0.9502583693259468,2,125,5560785,250,CMAES,p,0.415729799428653,0.41405321893734637,-0.6568010924783839,0.41293236758957985,0.41408355498147936,0.0002566331765992033,0.0005549036080590062,46.24824435668725,702.614800453186
45,5,-0.10697142702071627,0.529058605311209,0.5043258788245542,-0.3482646246706034,-0.9502583693259468,2,125,5692317,250,CMAES,p,0.413988040039093,0.41381846210706824,-0.6567971919730357,0.41390137915301933,0.415087156268333,0.0002565054115306146,0.0005549036080590062,46.2252196246918,701.2770228385925
46,5,-0.10697142702071627,0.529058605311209,0.5043258788245542,-0.3482646246706034,-0.9502583693259468,2,125,6016665,250,CMAES,p,0.41480129996022524,0.41372571882835013,-0.6567973025380274,0.41380515427604664,0.4144629738520273,0.0002564444310527174,0.0005549036080590062,46.21423024257001,701.0148818492889
47,5,-0.10697142702071627,0.529058605311209,0.5043258788245542,-0.3482646246706034,-0.9502583693259468,2,125,6335549,250,CMAES,p,0.41453815213025413,0.41336285444887977,-0.6567978202832135,0.4143510274095161,0.414543630378793,0.00025644236281426524,0.0005549036080590062,46.213857522259296,699.9306631088257
48,5,-0.10697142702071627,0.529058605311209,0.5043258788245542,-0.3482646246706034,-0.9502583693259468,2,125,6387322,250,CMAES,p,0.41383748427802924,0.414772573919313,-0.6567979074740131,0.4133830352126086,0.41480265859521953,0.0002564609354264305,0.0005549036080590062,46.217204520169474,701.8562562465668
