id,n,v_1,v_2,v_3,v_4,v_5,k,r,seed,gens,algorithm,kind,p_1,p_2,p_3,p_4,p_5,optimised error,suzuki error,% error,time
139,5,-0.14148262945720247,0.4992799373516386,-0.8450044399089445,0.5629205826890511,-0.6166066469120175,2,75,7588418,250,CMAES,p,0.4164017096042811,0.41221770066053187,-0.6540259331147441,0.4105710113001384,0.4148148318888192,0.0019334938867436428,0.006164282866649955,31.366079859901376,623.7864503860474
140,5,-0.14148262945720247,0.4992799373516386,-0.8450044399089445,0.5629205826890511,-0.6166066469120175,2,75,7822578,250,CMAES,p,0.4101895691012611,0.4147644710415131,-0.6540129811255878,0.4130159221854289,0.41602235632370815,0.001941223871599257,0.006164282866649955,31.491479440401406,622.5449640750885
141,5,-0.14148262945720247,0.4992799373516386,-0.8450044399089445,0.5629205826890511,-0.6166066469120175,2,75,7913248,250,CMAES,p,0.41286316467498235,0.41441394296923967,-0.6540002386231307,0.41197639360262567,0.414725956115083,0.0019317255308197252,0.006164282866649955,31.337392728532294,618.1889007091522
142,5,-0.14148262945720247,0.4992799373516386,-0.8450044399089445,0.5629205826890511,-0.6166066469120175,2,75,8597652,250,CMAES,p,0.41589649312678184,0.4116982669021685,-0.6540102358408126,0.4147486738980011,0.4116460859826146,0.0019356749163015263,0.006164282866649955,31.40146158402185,614.2482054233551
143,5,-0.14148262945720247,0.4992799373516386,-0.8450044399089445,0.5629205826890511,-0.6166066469120175,2,75,8805269,250,CMAES,p,0.41389668630141085,0.41057874666418104,-0.6540088554901975,0.4156820178487787,0.41383065727933377,0.001931688429711823,0.006164282866649955,31.336790856283656,615.9560797214508
144,5,-0.14148262945720247,0.4992799373516386,-0.8450044399089445,0.5629205826890511,-0.6166066469120175,2,75,8996026,250,CMAES,p,0.4109798108376391,0.4117668311894874,-0.6540710682797473,0.41108141296533074,0.4202227021817917,0.0019590887860817833,0.006164282866649955,31.781292787209015,614.6868274211884
