id,n,v_1,v_2,v_3,v_4,v_5,k,r,seed,gens,algorithm,kind,p_1,p_2,p_3,p_4,p_5,p_6,p_7,p_8,p_9,p_10,p_11,p_12,p_13,p_14,p_15,p_16,p_17,p_18,p_19,p_20,p_21,p_22,p_23,p_24,p_25,optimised error,suzuki error,% error,time
12,5,0.09640984945486153,0.16554078304766007,-0.7392959233634115,-0.32963147600991705,-0.4714438567589781,3,50,32848494,250,CMAES,p expanded,0.15463062689355234,0.15463073524918974,-0.24546134260258867,0.15463318991949151,0.15463310594670124,0.15463305896617416,0.15463076508179813,-0.24546459772041698,0.15462549496743033,0.1546309074548941,-0.20403930069320786,-0.20403952651189863,0.3238957470406205,-0.2040390074828689,-0.2040386689335625,0.1546348087042539,0.15463442493163845,-0.24546339791546376,0.15463440323743444,0.15462813907830947,0.15463380445773783,0.1546333181085482,-0.24546206767813084,0.15463240446396342,0.1546328233371702,7.705105565625841e-06,1.509861831967709e-05,51.03185869387966,4666.539904594421
