id,n,v_1,v_2,v_3,v_4,v_5,k,r,seed,gens,algorithm,kind,p_1,p_2,p_3,p_4,p_5,p_6,p_7,p_8,p_9,p_10,p_11,p_12,p_13,p_14,p_15,p_16,p_17,p_18,p_19,p_20,p_21,p_22,p_23,p_24,p_25,optimised error,suzuki error,% error,time
8,5,0.09640984945486153,0.16554078304766007,-0.7392959233634115,-0.32963147600991705,-0.4714438567589781,3,25,285456617,250,CMAES,p expanded,0.15463241658227259,0.15463261721994076,-0.24546558002193616,0.1546341268224958,0.15463251406922482,0.15463182026858832,0.15463433026184448,-0.24546246062428453,0.15463113834864714,0.15463329320265037,-0.20403896618210698,-0.20403837984656886,0.3238910057995401,-0.20404105136761008,-0.20403831262871225,0.15463126959023046,0.15463121168848987,-0.24546508812758558,0.1546304713116046,0.15463089527385498,0.1546276856919721,0.1546337369226884,-0.2454640746938553,0.15463330720925786,0.15463241531247382,0.0008064254985946268,0.0012259188188534428,65.78131326418882,4316.500238418579
