id,n,v_1,v_2,v_3,v_4,v_5,k,r,seed,gens,algorithm,kind,p_1,p_2,p_3,p_4,p_5,p_6,p_7,p_8,p_9,p_10,p_11,p_12,p_13,p_14,p_15,p_16,p_17,p_18,p_19,p_20,p_21,p_22,p_23,p_24,p_25,optimised error,suzuki error,% error,time
2,5,-0.10697142702071627,0.529058605311209,0.5043258788245542,-0.3482646246706034,-0.9502583693259468,3,25,285456617,250,CMAES,p expanded,0.1546242528036659,0.15462905889966164,-0.24546262139023195,0.15460901178511374,0.15460718667542664,0.15463691621870937,0.1545846490157621,-0.24540980933161718,0.15463558818341494,0.1546106086207551,-0.20405508851347612,-0.2040512626141126,0.32396105092449096,-0.20402662368120073,-0.20403687999023415,0.15463459511722177,0.15460729604040213,-0.24543789234547966,0.15460592771172757,0.1546482132469818,0.15465006165195483,0.15466273675694464,-0.24543679792238435,0.1546180332872699,0.1545870382529632,0.0011454686343274237,0.0012832600597936679,89.2623927305585,4395.876881837845
