id,n,v_1,v_2,v_3,v_4,v_5,k,r,seed,gens,algorithm,kind,p_1,p_2,p_3,p_4,p_5,p_6,p_7,p_8,p_9,p_10,p_11,p_12,p_13,p_14,p_15,p_16,p_17,p_18,p_19,p_20,p_21,p_22,p_23,p_24,p_25,optimised error,suzuki error,% error,time
15,5,-0.14148262945720247,0.4992799373516386,-0.8450044399089445,0.5629205826890511,-0.6166066469120175,3,25,32848494,250,CMAES,p expanded,0.15463212912284782,0.1546336833174944,-0.24546427476478483,0.15463387478304141,0.15463300977203773,0.1546321640035183,0.15462975187572667,-0.24546635673293973,0.15463298816336238,0.15463337411479372,-0.20404094114564633,-0.2040388189754499,0.3238921877496852,-0.20404096876123687,-0.20403923199351073,0.15463007708728696,0.15463184696281793,-0.24546335673192948,0.1546321356302442,0.15463094905761857,0.15463191764579426,0.15463202145362348,-0.24546364525449615,0.1546332463338061,0.15463045788292967,0.0014901208471078343,0.002119275280155341,70.31275554719865,6031.584749698639
