id,n,v_1,v_2,v_3,v_4,v_5,k,r,seed,gens,algorithm,kind,p_1,p_2,p_3,p_4,p_5,p_6,p_7,p_8,p_9,p_10,p_11,p_12,p_13,p_14,p_15,p_16,p_17,p_18,p_19,p_20,p_21,p_22,p_23,p_24,p_25,optimised error,suzuki error,% error,time
13,5,-0.14148262945720247,0.4992799373516386,-0.8450044399089445,0.5629205826890511,-0.6166066469120175,3,25,50085538,250,CMAES,p expanded,0.15463161765854713,0.15463189787576095,-0.2454603937135204,0.15464077573202892,0.1546326733050391,0.15462977616842374,0.15463298144761495,-0.24546538900151715,0.1546330212057429,0.15463894252725707,-0.2040419741308401,-0.2040439853034959,0.32389118347357343,-0.20404550924500145,-0.20403726522824017,0.1546287671443514,0.15463260091859496,-0.24546647294232884,0.1546263907106993,0.15463104372973185,0.15463962023732594,0.15463030827476165,-0.24546553742449337,0.15463220167752584,0.15463090466842142,0.0014893569147497393,0.0021192752801290466,70.27670868029233,4508.255787849426
