id,n,v_1,v_2,v_3,v_4,v_5,k,r,seed,gens,algorithm,kind,p_1,p_2,p_3,p_4,p_5,p_6,p_7,p_8,p_9,p_10,p_11,p_12,p_13,p_14,p_15,p_16,p_17,p_18,p_19,p_20,p_21,p_22,p_23,p_24,p_25,optimised error,suzuki error,% error,time
3,5,-0.10697142702071627,0.529058605311209,0.5043258788245542,-0.3482646246706034,-0.9502583693259468,3,25,32848494,250,CMAES,p expanded,0.15462474469128906,0.15459725950242031,-0.24544908263630277,0.15459616626662603,0.1546373154080737,0.15461076516300978,0.1546372604106256,-0.24543489472152658,0.15462398580528816,0.15460793170641718,-0.2040478416227332,-0.2040289496938627,0.3239908584628791,-0.2040342031816561,-0.2040308877100604,0.1546130252966959,0.15463634451494,-0.24544502073046987,0.1546197555368724,0.1546521881175361,0.15461547459046682,0.15463474264524205,-0.24546804766428257,0.15461064975909045,0.15462520968482868,0.0011459530679296971,0.0012832600597936679,89.30014295885995,4709.093804359436
