id,n,v_1,v_2,v_3,v_4,v_5,k,r,seed,gens,algorithm,kind,p_1,p_2,p_3,p_4,p_5,p_6,p_7,p_8,p_9,p_10,p_11,p_12,p_13,p_14,p_15,p_16,p_17,p_18,p_19,p_20,p_21,p_22,p_23,p_24,p_25,optimised error,suzuki error,% error,time
5,5,-0.10697142702071627,0.529058605311209,0.5043258788245542,-0.3482646246706034,-0.9502583693259468,3,50,285456617,250,CMAES,p expanded,0.15463053963060328,0.15463384573100683,-0.24546139161889735,0.15462985081387653,0.15463095704636817,0.15462980846700883,0.1546331113834239,-0.24546404797793797,0.15463237809884955,0.1546368677213592,-0.20403835129779577,-0.20403836725384428,0.32389506247571537,-0.2040393771874861,-0.2040379749166993,0.1546305417420847,0.15463604752713447,-0.24546511174757102,0.1546319719953999,0.15463012221989866,0.15463323960572722,0.15463022632775394,-0.24546163314446257,0.1546340545194654,0.15462750798430067,8.000685303523254e-06,1.3184308865280971e-05,60.683387997621445,4528.4387011528015
