id,n,v_1,v_2,v_3,v_4,v_5,k,r,seed,gens,algorithm,kind,p_1,p_2,p_3,p_4,p_5,p_6,p_7,p_8,p_9,p_10,p_11,p_12,p_13,p_14,p_15,p_16,p_17,p_18,p_19,p_20,p_21,p_22,p_23,p_24,p_25,optimised error,suzuki error,% error,time
6,5,-0.10697142702071627,0.529058605311209,0.5043258788245542,-0.3482646246706034,-0.9502583693259468,3,50,32848494,250,CMAES,p expanded,0.15463394127203217,0.15462841782656156,-0.24546357313615136,0.15462833435061513,0.1546274726064267,0.15462697055552302,0.15463191306124793,-0.24546105004716523,0.15462823632198086,0.15463719590123604,-0.20403805456978227,-0.20403529429469816,0.323891568475514,-0.20403769090060542,-0.20404091121152068,0.15463219970494815,0.1546335168279963,-0.24546282423277577,0.15463271614603882,0.15463355203056245,0.15462941322491305,0.1546308773143856,-0.24545350720097997,0.1546339172927411,0.1546325509020346,7.824572497456844e-06,1.3184308865280971e-05,59.34761220636872,4629.871101140976
