id,n,v_1,v_2,v_3,v_4,v_5,k,r,seed,gens,algorithm,kind,p_1,p_2,p_3,p_4,p_5,p_6,p_7,p_8,p_9,p_10,p_11,p_12,p_13,p_14,p_15,p_16,p_17,p_18,p_19,p_20,p_21,p_22,p_23,p_24,p_25,optimised error,suzuki error,% error,time
1,5,-0.10697142702071627,0.529058605311209,0.5043258788245542,-0.3482646246706034,-0.9502583693259468,3,25,50085538,250,CMAES,p expanded,0.15462548650333122,0.15465818669820489,-0.24539718188987833,0.15459076494938415,0.15460247287420653,0.15461387809831395,0.15461250550527875,-0.24545526711199517,0.15459615561246406,0.1546027775449988,-0.2040188831747718,-0.20402125124964626,0.3239435941073778,-0.20404941888565847,-0.2040322524186597,0.15460406476404484,0.15458476802064408,-0.2454392721041578,0.15463509070132753,0.15462580854976438,0.15459583424366327,0.15467029785293954,-0.24543130810569994,0.1546472449251323,0.15463099092570326,0.0011339253680217236,0.0012832600597936679,88.3628660743984,4464.247719526291
