id,n,v_1,v_2,v_3,v_4,v_5,k,r,seed,gens,algorithm,kind,p_1,p_2,p_3,p_4,p_5,p_6,p_7,p_8,p_9,p_10,p_11,p_12,p_13,p_14,p_15,p_16,p_17,p_18,p_19,p_20,p_21,p_22,p_23,p_24,p_25,optimised error,suzuki error,% error,time
11,5,0.09640984945486153,0.16554078304766007,-0.7392959233634115,-0.32963147600991705,-0.4714438567589781,3,50,285456617,250,CMAES,p expanded,0.1546299971992442,0.15463378878830208,-0.24546333614489704,0.1546273094632939,0.15462910608993932,0.1546309066137015,0.15463440848082466,-0.24545895542378404,0.15463598913837595,0.1546282200958039,-0.2040364680138163,-0.20403846135479903,0.3238911222024055,-0.20403745290504535,-0.2040391145473236,0.15463315694055005,0.15463214844507356,-0.24546499828592544,0.15463255002779616,0.1546331493320084,0.15463279530325008,0.15463067701334662,-0.24545894269543558,0.15463270082497052,0.15462954021937045,7.879483085659727e-06,1.509861831967709e-05,52.186782385186106,5158.656764984131
