id,n,v_1,v_2,v_3,v_4,v_5,k,r,seed,gens,algorithm,kind,p_1,p_2,p_3,p_4,p_5,p_6,p_7,p_8,p_9,p_10,p_11,p_12,p_13,p_14,p_15,p_16,p_17,p_18,p_19,p_20,p_21,p_22,p_23,p_24,p_25,optimised error,suzuki error,% error,time
7,5,0.09640984945486153,0.16554078304766007,-0.7392959233634115,-0.32963147600991705,-0.4714438567589781,3,25,50085538,250,CMAES,p expanded,0.15463156893032676,0.1546316048751051,-0.24546162646949107,0.15463198413454085,0.15462875924251857,0.15463039575669707,0.15463281879829527,-0.24546395086695222,0.15462994076615252,0.15463310400839422,-0.204039716504561,-0.2040375076066836,0.3238922547850337,-0.2040397672594593,-0.20404320159967904,0.15463303062261222,0.15463279224114135,-0.24546430912390857,0.15463446721450438,0.15462899266792976,0.15463118279067523,0.15463589228572258,-0.24546311870153684,0.15463194408636932,0.15463282896657773,0.0008063386010632065,0.0012259188188534428,65.77422490482246,4281.9702706336975
