id,n,v_1,v_2,v_3,v_4,v_5,k,r,seed,gens,algorithm,kind,p_1,p_2,p_3,p_4,p_5,p_6,p_7,p_8,p_9,p_10,p_11,p_12,p_13,p_14,p_15,p_16,p_17,p_18,p_19,p_20,p_21,p_22,p_23,p_24,p_25,optimised error,suzuki error,% error,time
14,5,-0.14148262945720247,0.4992799373516386,-0.8450044399089445,0.5629205826890511,-0.6166066469120175,3,25,285456617,250,CMAES,p expanded,0.15463173895366286,0.15463819969229764,-0.2454605290137937,0.15462994034053554,0.15462995631765067,0.15462934198596764,0.15462806891815498,-0.2454665196350301,0.15463638166860588,0.15462832415818364,-0.20403612560553613,-0.20403585299262122,0.3238912230951574,-0.20403927703749367,-0.20403717000085494,0.15464066221991193,0.15463615266715394,-0.2454668778497281,0.15462931606320166,0.15462934792294483,0.15462795847704153,0.1546332138465627,-0.24547041611119463,0.15462860154577343,0.15463254508807348,0.0014902079788289965,0.002119275280155341,70.3168669395212,6105.520592212677
