id,n,v_1,v_2,v_3,v_4,v_5,k,r,seed,gens,algorithm,kind,p_1,p_2,p_3,p_4,p_5,p_6,p_7,p_8,p_9,p_10,p_11,p_12,p_13,p_14,p_15,p_16,p_17,p_18,p_19,p_20,p_21,p_22,p_23,p_24,p_25,optimised error,suzuki error,% error,time
9,5,0.09640984945486153,0.16554078304766007,-0.7392959233634115,-0.32963147600991705,-0.4714438567589781,3,25,32848494,250,CMAES,p expanded,0.15463108766618838,0.1546306316358006,-0.24546272758987772,0.15463130704309316,0.15463500760039448,0.15463438416354675,0.1546326196665328,-0.24546513533561304,0.15463409688316465,0.1546322069320758,-0.2040419967150371,-0.20404047133509337,0.32388785027745187,-0.2040421098227281,-0.20403919565150933,0.15463306061186227,0.15463160611427687,-0.24546286724279773,0.1546290302839613,0.15463169595699788,0.15463120482630732,0.15463508354908262,-0.245459632697879,0.15463063413313613,0.15463294347489973,0.0008057022704717011,0.0012259188188534428,65.7223184831476,4281.389094352722
