id,n,v_1,v_2,v_3,v_4,v_5,k,r,seed,gens,algorithm,kind,p_1,p_2,p_3,p_4,p_5,p_6,p_7,p_8,p_9,p_10,p_11,p_12,p_13,p_14,p_15,p_16,p_17,p_18,p_19,p_20,p_21,p_22,p_23,p_24,p_25,optimised error,suzuki error,% error,time
4,5,-0.10697142702071627,0.529058605311209,0.5043258788245542,-0.3482646246706034,-0.9502583693259468,3,50,50085538,250,CMAES,p expanded,0.15463206787166933,0.15463117144172522,-0.24546292550987658,0.15463225435176772,0.15463323970248918,0.154632057663429,0.15463184050877382,-0.2454625248351432,0.15463364575563265,0.1546327217664428,-0.20403919631689396,-0.20403900012262527,0.3238904127038501,-0.20403765330453688,-0.20403872994872718,0.15463217326096396,0.15463165989992952,-0.245463872649627,0.15463341319077525,0.15463171543332122,0.15463200128121016,0.15463115110168066,-0.2454633060185962,0.15463264457258522,0.15463288524441027,8.898816557163511e-06,1.3184308865280971e-05,67.495510368369,4686.421765327454
