id,n,v_1,v_2,v_3,v_4,v_5,k,r,seed,gens,algorithm,kind,p_1,p_2,p_3,p_4,p_5,p_6,p_7,p_8,p_9,p_10,p_11,p_12,p_13,p_14,p_15,p_16,p_17,p_18,p_19,p_20,p_21,p_22,p_23,p_24,p_25,optimised error,suzuki error,% error,time
10,5,0.09640984945486153,0.16554078304766007,-0.7392959233634115,-0.32963147600991705,-0.4714438567589781,3,50,50085538,250,CMAES,p expanded,0.15463156307158413,0.15463161477792758,-0.24546370013550647,0.15463224395451317,0.15463242769524602,0.15463211468500243,0.15463323595195286,-0.24546372069899225,0.15463153842478314,0.1546332488990492,-0.20403802164063403,-0.20403897612173014,0.32389137793377837,-0.20403845767303824,-0.20403797765572493,0.15463295126321794,0.1546322911151915,-0.24546314246011638,0.1546320350379235,0.15463306900925025,0.1546326279518944,0.1546307934360222,-0.2454637221757031,0.15463240480502363,0.1546319983797672,8.566471122247975e-06,1.509861831967709e-05,56.7367883661502,5711.694047927856
