id,n,v_1,v_2,v_3,v_4,v_5,k,r,seed,gens,algorithm,kind,p_1,p_2,p_3,p_4,p_5,p_6,p_7,p_8,p_9,p_10,optimised error,suzuki error,% error,time
16,5,-0.14148262945720247,0.4992799373516386,-0.8450044399089445,0.5629205826890511,-0.6166066469120175,3,50,678261680,500,CMAES,p concatenated,0.37306074468599537,0.3730436672846491,-0.4922755513878306,0.3730705212532069,0.37304842330138643,0.41450679084524394,0.4144542088888107,-0.6579107353739532,0.41448432678335495,0.41451750067226034,1.156084917790364e-05,2.5141816135835314e-05,45.98255398672512,8051.931270599365
