id,n,v_1,v_2,v_3,v_4,v_5,k,r,seed,gens,algorithm,kind,p_1,p_2,p_3,p_4,p_5,p_6,p_7,p_8,p_9,p_10,optimised error,suzuki error,% error,time
46,5,-0.7969527881951413,-0.20411592444163865,-0.6407052945809155,0.5440021214015651,0.6248807496122719,3,50,678261680,500,CMAES,p concatenated,0.3731924424440382,0.3732274827710486,-0.4925947179178606,0.3730700185742623,0.37281758997449477,0.41455454921657864,0.4146138988120098,-0.6581086606987973,0.4144419085856718,0.41478545670232053,1.0146585898526844e-05,1.7750602199923704e-05,57.161924898358976,5515.5740921497345
