id,n,v_1,v_2,v_3,v_4,v_5,k,r,seed,gens,algorithm,kind,p_1,p_2,p_3,p_4,p_5,p_6,p_7,p_8,p_9,p_10,optimised error,suzuki error,% error,time
24,5,0.999084104496638,0.2196479105213669,0.1592370069643183,0.7608713011021457,0.8513853262934397,3,50,164252281,500,CMAES,p concatenated,0.37305144654614947,0.3730621334882994,-0.49225051866010466,0.37306809727767926,0.3730611107621518,0.41449313125312026,0.41448570506924715,-0.6579452277169981,0.4144856045732849,0.4144883901975708,9.903454338132624e-06,1.7905879372264902e-05,55.308394143838925,5754.013652086258
