id,n,v_1,v_2,v_3,v_4,v_5,k,r,seed,gens,algorithm,kind,p_1,p_2,p_3,p_4,p_5,p_6,p_7,p_8,p_9,p_10,optimised error,suzuki error,% error,time
26,5,0.5462491563061158,-0.10068357262268468,0.6027915688719194,-0.2935004274862503,0.5026005440096201,3,25,951689995,500,CMAES,p concatenated,0.37297756099402884,0.37300348683369994,-0.48877542937964147,0.37258341546249596,0.3697931566031674,0.41279912368352556,0.41502490222762334,-0.6551798370941488,0.417145865618758,0.41063048167947136,0.001060036322961299,0.001455736639423652,72.81786377108591,5023.6670961380005
