id,n,v_1,v_2,v_3,v_4,v_5,k,r,seed,gens,algorithm,kind,p_1,p_2,p_3,p_4,p_5,p_6,p_7,p_8,p_9,p_10,optimised error,suzuki error,% error,time
59,5,-0.1433912950891727,0.931426958169144,-0.4432147075343016,0.2803608072686108,-0.4891034605552478,3,50,951689995,500,CMAES,p concatenated,0.3730519657469799,0.37306095789408966,-0.4922681047559994,0.37307184818280575,0.37306114295593296,0.4144943459840651,0.4144890776642401,-0.6579409356884233,0.4144876528176352,0.4144919256427417,9.552756471832535e-06,2.0125800034659585e-05,47.46522600533288,5547.195791959763
