id,n,v_1,v_2,v_3,v_4,v_5,k,r,seed,gens,algorithm,kind,p_1,p_2,p_3,p_4,p_5,p_6,p_7,p_8,p_9,p_10,optimised error,suzuki error,% error,time
12,5,0.09640984945486153,0.16554078304766007,-0.7392959233634115,-0.32963147600991705,-0.4714438567589781,3,50,164252281,500,CMAES,p concatenated,0.37306609949906927,0.37305806284690163,-0.4922683471302961,0.37304783290264165,0.37306867534112226,0.414502992820265,0.414485501431508,-0.6579442094620307,0.4144828474760444,0.4145004258278224,7.189715270946104e-06,1.5098618317267363e-05,47.61836560053755,5527.298827886581
