id,n,v_1,v_2,v_3,v_4,v_5,k,r,seed,gens,algorithm,kind,p_1,p_2,p_3,p_4,p_5,p_6,p_7,p_8,p_9,p_10,optimised error,suzuki error,% error,time
44,5,-0.7969527881951413,-0.20411592444163865,-0.6407052945809155,0.5440021214015651,0.6248807496122719,3,25,951689995,500,CMAES,p concatenated,0.3489624757894774,0.36328390172161895,-0.4604992305681945,0.4069176932211426,0.3400901025054151,0.39993851241430245,0.42616613017594834,-0.6580735395318822,0.436007102056326,0.3971938898909249,0.0012781084262637947,0.0025156881416418015,50.805519376883844,5636.93134355545
