id,n,v_1,v_2,v_3,v_4,v_5,k,r,seed,gens,algorithm,kind,p_1,p_2,p_3,p_4,p_5,p_6,p_7,p_8,p_9,p_10,optimised error,suzuki error,% error,time
48,5,-0.7969527881951413,-0.20411592444163865,-0.6407052945809155,0.5440021214015651,0.6248807496122719,3,50,164252281,500,CMAES,p concatenated,0.3730332997128903,0.37297466025156345,-0.49243528037407824,0.3730780620369649,0.3731736583515871,0.41455871629116037,0.4144746727193398,-0.6580310388947692,0.41456830373582804,0.4146048584405146,1.0183869755071579e-05,1.7750602199923704e-05,57.3719676683158,5752.391686677933
