id,n,v_1,v_2,v_3,v_4,v_5,k,r,seed,gens,algorithm,kind,p_1,p_2,p_3,p_4,p_5,p_6,p_7,p_8,p_9,p_10,optimised error,suzuki error,% error,time
60,5,-0.1433912950891727,0.931426958169144,-0.4432147075343016,0.2803608072686108,-0.4891034605552478,3,50,164252281,500,CMAES,p concatenated,0.3730646431682384,0.37306531867147746,-0.4922741839741753,0.3730489888457152,0.37305318630742934,0.41449655886247294,0.4144889948801665,-0.6579439663024718,0.41448998984049185,0.4145103582238545,9.551658674971503e-06,2.0125800034659585e-05,47.459771330939105,5739.131031036377
