id,n,v_1,v_2,v_3,v_4,v_5,k,r,seed,gens,algorithm,kind,p_1,p_2,p_3,p_4,p_5,p_6,p_7,p_8,p_9,p_10,optimised error,suzuki error,% error,time
23,5,0.999084104496638,0.2196479105213669,0.1592370069643183,0.7608713011021457,0.8513853262934397,3,50,951689995,500,CMAES,p concatenated,0.3730565919375513,0.37306737846542143,-0.4922742737427884,0.3730665170835211,0.3730644877972225,0.414496294438879,0.4144863232695166,-0.6579537838889318,0.4144950729454574,0.41449526542820436,9.916460047899958e-06,1.7905879372264902e-05,55.38102788327693,5181.499976634979
