id,n,v_1,v_2,v_3,v_4,v_5,k,r,seed,gens,algorithm,kind,p_1,p_2,p_3,p_4,p_5,p_6,p_7,p_8,p_9,p_10,optimised error,suzuki error,% error,time
13,5,-0.14148262945720247,0.4992799373516386,-0.8450044399089445,0.5629205826890511,-0.6166066469120175,3,25,678261680,500,CMAES,p concatenated,0.37242357291034545,0.37258976426472906,-0.4918763866362032,0.37265308605703157,0.3731137097928538,0.414722706528484,0.4147585578388068,-0.6573076064499745,0.4146237402232828,0.41429320366912403,0.0014693174200999407,0.002119275280132063,69.33112625219599,5119.085921049118
