id,n,v_1,v_2,v_3,v_4,v_5,k,r,seed,gens,algorithm,kind,p_1,p_2,p_3,p_4,p_5,p_6,p_7,p_8,p_9,p_10,optimised error,suzuki error,% error,time
11,5,0.09640984945486153,0.16554078304766007,-0.7392959233634115,-0.32963147600991705,-0.4714438567589781,3,50,951689995,500,CMAES,p concatenated,0.37304655903404904,0.37305528495782747,-0.4922767947798439,0.3730816131935569,0.3730710370453361,0.4144727950390405,0.4145044717570011,-0.6579407530764867,0.4144916831956851,0.41449398485672584,7.1829875702068015e-06,1.5098618317267363e-05,47.57380721381677,5382.808638334274
