id,n,v_1,v_2,v_3,v_4,v_5,k,r,seed,gens,algorithm,kind,p_1,p_2,p_3,p_4,p_5,p_6,p_7,p_8,p_9,p_10,optimised error,suzuki error,% error,time
22,5,0.999084104496638,0.2196479105213669,0.1592370069643183,0.7608713011021457,0.8513853262934397,3,50,678261680,500,CMAES,p concatenated,0.3730565065143139,0.3730639388063095,-0.4922640010385413,0.37305923809260716,0.3730567787471677,0.414499105879403,0.4144921431576861,-0.6579589960055678,0.41449564425619656,0.4144995156299108,9.913497790174991e-06,1.7905879372264902e-05,55.364484391257456,5585.556442260742
