id,n,v_1,v_2,v_3,v_4,v_5,k,r,seed,gens,algorithm,kind,p_1,p_2,p_3,p_4,p_5,p_6,p_7,p_8,p_9,p_10,optimised error,suzuki error,% error,time
18,5,-0.14148262945720247,0.4992799373516386,-0.8450044399089445,0.5629205826890511,-0.6166066469120175,3,50,164252281,500,CMAES,p concatenated,0.3730490845230431,0.37305181822509365,-0.49227970763011925,0.3730434634358063,0.37307638906294793,0.4144831392833441,0.41448364426680845,-0.6579138558807033,0.41448782901130554,0.4145180948541254,1.1562223351558345e-05,2.5141816135835314e-05,45.98801967642422,6170.892782211304
