id,n,v_1,v_2,v_3,v_4,v_5,k,r,seed,gens,algorithm,kind,p_1,p_2,p_3,p_4,p_5,p_6,p_7,p_8,p_9,p_10,optimised error,suzuki error,% error,time
31,5,0.9904540693410236,-0.24445041636106435,0.7955458787759091,0.4290968664437629,0.9265661436565148,3,25,678261680,500,CMAES,p concatenated,0.336597498724953,0.3762486686214652,-0.4507287064624577,0.37917396695479944,0.33853110821826077,0.41780865088841584,0.43082456771853916,-0.6691498710461294,0.42024407449719003,0.42085555301883926,0.001411902397789632,0.002788473837072265,50.6335178411445,4611.686855554581
