id,n,v_1,v_2,v_3,v_4,v_5,k,r,seed,gens,algorithm,kind,p_1,p_2,p_3,p_4,p_5,p_6,p_7,p_8,p_9,p_10,optimised error,suzuki error,% error,time
14,5,-0.14148262945720247,0.4992799373516386,-0.8450044399089445,0.5629205826890511,-0.6166066469120175,3,25,951689995,500,CMAES,p concatenated,0.37563463228497007,0.373434088396732,-0.4899131280181245,0.3724473677626161,0.36879109810364374,0.4126940757292365,0.41478400115956293,-0.6561187211256808,0.4154113868218556,0.4128276625596662,0.001400533982036646,0.002119275280132063,66.08551494779724,4737.683050870895
