id,n,v_1,v_2,v_3,v_4,v_5,k,r,seed,gens,algorithm,kind,p_1,p_2,p_3,p_4,p_5,p_6,p_7,p_8,p_9,p_10,optimised error,suzuki error,% error,time
58,5,-0.1433912950891727,0.931426958169144,-0.4432147075343016,0.2803608072686108,-0.4891034605552478,3,50,678261680,500,CMAES,p concatenated,0.3730598251672862,0.37305485562143825,-0.4922769026779795,0.3730562552477032,0.37305805156593846,0.41449514000696697,0.41449092452654507,-0.6579549752707343,0.414514605409575,0.41450210268088233,9.552864953930668e-06,2.0125800034659585e-05,47.465765025386474,5518.293914556503
