id,n,v_1,v_2,v_3,v_4,v_5,k,r,seed,gens,algorithm,kind,p_1,p_2,p_3,p_4,p_5,p_6,p_7,p_8,p_9,p_10,optimised error,suzuki error,% error,time
34,5,0.9904540693410236,-0.24445041636106435,0.7955458787759091,0.4290968664437629,0.9265661436565148,3,50,678261680,500,CMAES,p concatenated,0.37305784974219125,0.373060134268078,-0.4922754293726755,0.3730620388076221,0.3730672924442535,0.4144944931759999,0.41448839469812304,-0.6579432602352676,0.4144897614856208,0.4144985884455195,9.725050327829236e-06,2.1634524013248622e-05,44.951533585272216,5304.780130624771
