id,n,v_1,v_2,v_3,v_4,v_5,k,r,seed,gens,algorithm,kind,p_1,p_2,p_3,p_4,p_5,p_6,p_7,p_8,p_9,p_10,optimised error,suzuki error,% error,time
40,5,-0.0868026827782653,0.9132962777942596,-0.7319367414760487,-0.3289493162632717,-0.5470920147217146,3,50,678261680,500,CMAES,p concatenated,0.3730687665734659,0.37303154509672254,-0.4922896608679163,0.37308963976837173,0.37303657652786393,0.41445387080228535,0.41454611605857117,-0.6578971669415327,0.41446617382096174,0.4144940870278884,1.0517403075180625e-05,2.0849497822505176e-05,50.44439518264092,5532.750229358673
