id,n,v_1,v_2,v_3,v_4,v_5,k,r,seed,gens,algorithm,kind,p_1,p_2,p_3,p_4,p_5,p_6,p_7,p_8,p_9,p_10,optimised error,suzuki error,% error,time
3,5,-0.10697142702071627,0.529058605311209,0.5043258788245542,-0.3482646246706034,-0.9502583693259468,3,25,164252281,500,CMAES,p concatenated,0.3672342626971362,0.3723319311144257,-0.47957416486543464,0.369800624336949,0.3711303968178863,0.4161386987461025,0.4088227922723646,-0.6571259255057628,0.4137680684605977,0.41746266409188415,0.0010208663206488896,0.0012832600597870716,79.55256714046564,5053.306011199951
