id,n,v_1,v_2,v_3,v_4,v_5,k,r,seed,gens,algorithm,kind,p_1,p_2,p_3,p_4,p_5,p_6,p_7,p_8,p_9,p_10,optimised error,suzuki error,% error,time
27,5,0.5462491563061158,-0.10068357262268468,0.6027915688719194,-0.2935004274862503,0.5026005440096201,3,25,164252281,500,CMAES,p concatenated,0.3730702961715257,0.3728795675637491,-0.4933471780622504,0.3722014910684861,0.3734223054107349,0.4135967188892695,0.4146401305366437,-0.6561578322336583,0.41507248058468743,0.41462985297104277,0.0011246772473399206,0.001455736639423652,77.25829088049863,5004.602378606796
