id,n,v_1,v_2,v_3,v_4,v_5,k,r,seed,gens,algorithm,kind,p_1,p_2,p_3,p_4,p_5,p_6,p_7,p_8,p_9,p_10,optimised error,suzuki error,% error,time
53,5,0.6097457122035289,0.05446644913523624,-0.6144938691814952,0.2639392982633204,0.803192227352991,3,50,951689995,500,CMAES,p concatenated,0.3727336972027976,0.37315623162186295,-0.4930442864162134,0.37341529839957993,0.37372849167302186,0.41419000999796135,0.41506384552365955,-0.6579259826160117,0.4147320841890971,0.4139505575813692,7.023223263882462e-06,1.3417748172183983e-05,52.34278638827147,5390.559016942978
