id,n,v_1,v_2,v_3,v_4,v_5,k,r,seed,gens,algorithm,kind,p_1,p_2,p_3,p_4,p_5,p_6,p_7,p_8,p_9,p_10,optimised error,suzuki error,% error,time
17,5,-0.14148262945720247,0.4992799373516386,-0.8450044399089445,0.5629205826890511,-0.6166066469120175,3,50,951689995,500,CMAES,p concatenated,0.3730677841330977,0.3730390999485442,-0.49225765992801057,0.37303442281530824,0.3730328061297959,0.4144949350305206,0.4145260281451991,-0.6579294190732465,0.4144812608220787,0.4145106446128803,1.1559682981231914e-05,2.5141816135835314e-05,45.97791551245808,5752.067722797394
