id,n,v_1,v_2,v_3,v_4,v_5,k,r,seed,gens,algorithm,kind,p_1,p_2,p_3,p_4,p_5,p_6,p_7,p_8,p_9,p_10,optimised error,suzuki error,% error,time
63,5,0.02902000307786645,-0.4152114361802653,0.9060357844471439,-0.7379464424503042,-0.5940617730831903,3,25,164252281,500,CMAES,p concatenated,0.3667527204653513,0.38099971714523034,-0.4845884358089847,0.37466282841538895,0.3652402056674026,0.4117089330146409,0.41132864997109536,-0.6549389208632705,0.4165428241570812,0.4122845860866452,0.0014452364880376781,0.002165753681560127,66.73134162683654,5114.918178796768
