id,n,v_1,v_2,v_3,v_4,v_5,k,r,seed,gens,algorithm,kind,p_1,p_2,p_3,p_4,p_5,p_6,p_7,p_8,p_9,p_10,optimised error,suzuki error,% error,time
66,5,0.02902000307786645,-0.4152114361802653,0.9060357844471439,-0.7379464424503042,-0.5940617730831903,3,50,164252281,500,CMAES,p concatenated,0.37304400334341353,0.3730680995857203,-0.49228326769865244,0.37304979934162874,0.3730435999128752,0.4145209431080692,0.41447494713809,-0.6579199459094994,0.4144827346088473,0.414519015550813,1.1943551441476653e-05,2.2571272264002337e-05,52.914834847501076,5468.448865652084
