id,n,v_1,v_2,v_3,v_4,v_5,k,r,seed,gens,algorithm,kind,p_1,p_2,p_3,p_4,p_5,p_6,p_7,p_8,p_9,p_10,optimised error,suzuki error,% error,time
64,5,0.02902000307786645,-0.4152114361802653,0.9060357844471439,-0.7379464424503042,-0.5940617730831903,3,50,678261680,500,CMAES,p concatenated,0.37306262357462383,0.3730483757196738,-0.49228583751834554,0.37303370533529734,0.37307322236954354,0.4145147002628275,0.4144753155308459,-0.6579132893852683,0.4144816988025874,0.41450941277128334,1.1946446557339797e-05,2.2571272264002337e-05,52.92766139900993,5693.756724357605
