id,n,v_1,v_2,v_3,v_4,v_5,k,r,seed,gens,algorithm,kind,p_1,p_2,p_3,p_4,p_5,p_6,p_7,p_8,p_9,p_10,optimised error,suzuki error,% error,time
52,5,0.6097457122035289,0.05446644913523624,-0.6144938691814952,0.2639392982633204,0.803192227352991,3,50,678261680,500,CMAES,p concatenated,0.3730316005518233,0.37298506097392714,-0.49269997550261174,0.37338917776724767,0.37280938737399444,0.4148132576551022,0.41451981601355536,-0.6582372353763619,0.41498063897570736,0.4144084550243133,7.062624608380086e-06,1.3417748172183983e-05,52.63643733470454,5448.189330339432
