id,n,v_1,v_2,v_3,v_4,v_5,k,r,seed,gens,algorithm,kind,p_1,p_2,p_3,p_4,p_5,p_6,p_7,p_8,p_9,p_10,optimised error,suzuki error,% error,time
39,5,-0.0868026827782653,0.9132962777942596,-0.7319367414760487,-0.3289493162632717,-0.5470920147217146,3,25,164252281,500,CMAES,p concatenated,0.36278189161511887,0.3780855338115403,-0.48431546129860475,0.39214832405820294,0.3639668654242084,0.3933813693711134,0.423659323454081,-0.6498792352079562,0.4252880599844574,0.3950292629995489,0.0012570831763389176,0.001868213245616913,67.28799184398295,5037.149995565414
