id,n,v_1,v_2,v_3,v_4,v_5,k,r,seed,gens,algorithm,kind,p_1,p_2,p_3,p_4,p_5,p_6,p_7,p_8,p_9,p_10,optimised error,suzuki error,% error,time
45,5,-0.7969527881951413,-0.20411592444163865,-0.6407052945809155,0.5440021214015651,0.6248807496122719,3,25,164252281,500,CMAES,p concatenated,0.37051206193370456,0.38411992665018857,-0.4587296761899093,0.37411390953756,0.3403830539916695,0.41311357622225586,0.4222828405337212,-0.6505879671305265,0.3856536977590867,0.4192256653062593,0.0014528354256676099,0.0025156881416418015,57.751014587978815,5171.418775558472
