id,n,v_1,v_2,v_3,v_4,v_5,k,r,seed,gens,algorithm,kind,p_1,p_2,p_3,p_4,p_5,p_6,p_7,p_8,p_9,p_10,optimised error,suzuki error,% error,time
55,5,-0.1433912950891727,0.931426958169144,-0.4432147075343016,0.2803608072686108,-0.4891034605552478,3,25,678261680,500,CMAES,p concatenated,0.37304441131530974,0.3730661177091881,-0.4922550693694126,0.3730853939270601,0.37304957202943323,0.41448243451983396,0.4144859205689776,-0.6579687577820269,0.41451065911254037,0.4144892801971919,0.0012211423198882408,0.0017196121725423432,71.0126585160685,5290.040529966354
