id,n,v_1,v_2,v_3,v_4,v_5,k,r,seed,gens,algorithm,kind,p_1,p_2,p_3,p_4,p_5,p_6,p_7,p_8,p_9,p_10,optimised error,suzuki error,% error,time
56,5,-0.1433912950891727,0.931426958169144,-0.4432147075343016,0.2803608072686108,-0.4891034605552478,3,25,951689995,500,CMAES,p concatenated,0.3735358673170513,0.3743873609519745,-0.49200913325121715,0.3729616013196905,0.3720064445173748,0.4142417069171366,0.4153992701653372,-0.6573079864023961,0.41283904451597286,0.4139364833552108,0.0012031150051171461,0.0017196121725423432,69.96432244012398,5277.472675085068
