id,n,v_1,v_2,v_3,v_4,v_5,k,r,seed,gens,algorithm,kind,p_1,p_2,p_3,p_4,p_5,p_6,p_7,p_8,p_9,p_10,optimised error,suzuki error,% error,time
30,5,0.5462491563061158,-0.10068357262268468,0.6027915688719194,-0.2935004274862503,0.5026005440096201,3,50,164252281,500,CMAES,p concatenated,0.3730840651728839,0.3730579526942797,-0.4923474209021856,0.37304248091504766,0.3730169909561239,0.4145044289364406,0.41450351950386966,-0.6578999557313431,0.414529973213934,0.41450803638541567,1.1262418503664798e-05,1.7942490309623318e-05,62.76953928532588,5332.858307123184
