id,n,v_1,v_2,v_3,v_4,v_5,k,r,seed,gens,algorithm,kind,p_1,p_2,p_3,p_4,p_5,p_6,p_7,p_8,p_9,p_10,optimised error,suzuki error,% error,time
29,5,0.5462491563061158,-0.10068357262268468,0.6027915688719194,-0.2935004274862503,0.5026005440096201,3,50,951689995,500,CMAES,p concatenated,0.37302131731970256,0.3730490306580313,-0.4922354277475751,0.37296762845628223,0.3730408768567416,0.4144973897266282,0.4144843297797586,-0.6579055663831455,0.4144771919332194,0.41460330216416913,1.1370475179347965e-05,1.7942490309623318e-05,63.37177829350421,5239.903509140015
