id,n,v_1,v_2,v_3,v_4,v_5,k,r,seed,gens,algorithm,kind,p_1,p_2,p_3,p_4,p_5,p_6,p_7,p_8,p_9,p_10,optimised error,suzuki error,% error,time
38,5,-0.0868026827782653,0.9132962777942596,-0.7319367414760487,-0.3289493162632717,-0.5470920147217146,3,25,951689995,500,CMAES,p concatenated,0.33898458130401626,0.384852005074071,-0.46939987427654767,0.3910229815138597,0.3673775696870948,0.3844496316781078,0.4420704260744565,-0.6513294385467546,0.42144904605865113,0.39066943872140364,0.0011784415275562605,0.001868213245616913,63.07853401216631,4943.262852907181
