id,n,v_1,v_2,v_3,v_4,v_5,k,r,seed,gens,algorithm,kind,p_1,p_2,p_3,p_4,p_5,p_6,p_7,p_8,p_9,p_10,optimised error,suzuki error,% error,time
49,5,0.6097457122035289,0.05446644913523624,-0.6144938691814952,0.2639392982633204,0.803192227352991,3,25,678261680,500,CMAES,p concatenated,0.367113273933057,0.3928919177355791,-0.5035159459233638,0.38566781692466584,0.360300762114722,0.4082868748294316,0.4198668765113897,-0.6561149193845013,0.4157506783125272,0.40975704394989343,0.0007866469170948171,0.0010403074923202897,75.61676935924868,5092.3839654922485
