id,n,v_1,v_2,v_3,v_4,v_5,k,r,seed,gens,algorithm,kind,p_1,p_2,p_3,p_4,p_5,p_6,p_7,p_8,p_9,p_10,optimised error,suzuki error,% error,time
36,5,0.9904540693410236,-0.24445041636106435,0.7955458787759091,0.4290968664437629,0.9265661436565148,3,50,164252281,500,CMAES,p concatenated,0.37307383650919673,0.3730674712124174,-0.49226592641782313,0.37304781278354915,0.37303885850860957,0.4144719479879594,0.41450402448209916,-0.6579493794770594,0.41450068558273784,0.4145105332768136,9.726037937166176e-06,2.1634524013248622e-05,44.95609855437593,5522.239598035812
