id,n,v_1,v_2,v_3,v_4,v_5,k,r,seed,gens,algorithm,kind,p_1,p_2,p_3,p_4,p_5,p_6,p_7,p_8,p_9,p_10,optimised error,suzuki error,% error,time
9,5,0.09640984945486153,0.16554078304766007,-0.7392959233634115,-0.32963147600991705,-0.4714438567589781,3,25,164252281,500,CMAES,p concatenated,0.3634800423380603,0.37619362782809906,-0.4838444003195074,0.3748864090319634,0.36959879088744635,0.4117855955160355,0.4145007359754129,-0.6574074659143456,0.4183058396609587,0.4124876003695936,0.0006644503990026846,0.0012259188188505797,54.20019570510164,6763.146334409714
