id,n,v_1,v_2,v_3,v_4,v_5,k,r,seed,gens,algorithm,kind,p_1,p_2,p_3,p_4,p_5,p_6,p_7,p_8,p_9,p_10,optimised error,suzuki error,% error,time
62,5,0.02902000307786645,-0.4152114361802653,0.9060357844471439,-0.7379464424503042,-0.5940617730831903,3,25,951689995,500,CMAES,p concatenated,0.36444523551394853,0.3813793211740085,-0.48059514355998395,0.3697441254520984,0.36308883045949436,0.42670742983824944,0.40274623998258113,-0.6592489757986386,0.4076465435312817,0.42407102480346204,0.0015099729525967275,0.002165753681560127,69.72043799131396,5495.726947069168
