id,n,v_1,v_2,v_3,v_4,v_5,k,r,seed,gens,algorithm,kind,p_1,p_2,p_3,p_4,p_5,p_6,p_7,p_8,p_9,p_10,optimised error,suzuki error,% error,time
8,5,0.09640984945486153,0.16554078304766007,-0.7392959233634115,-0.32963147600991705,-0.4714438567589781,3,25,951689995,500,CMAES,p concatenated,0.3698956055942286,0.3716176395191555,-0.4855188602315023,0.37237335227272406,0.3694965186273588,0.41647170683944873,0.4146293521539269,-0.6589933098238664,0.4138184509355518,0.41620230011228776,0.0007245390608597531,0.0012259188188505797,59.101716175552326,6449.722485780716
