id,n,v_1,v_2,v_3,v_4,v_5,k,r,seed,gens,algorithm,kind,p_1,p_2,p_3,p_4,p_5,p_6,p_7,p_8,p_9,p_10,optimised error,suzuki error,% error,time
25,5,0.5462491563061158,-0.10068357262268468,0.6027915688719194,-0.2935004274862503,0.5026005440096201,3,25,678261680,500,CMAES,p concatenated,0.3723689057597011,0.37253536854701047,-0.4924473907579371,0.3734048308908354,0.37208220675548365,0.41511263835471957,0.41440989616286167,-0.6561551096584177,0.4144101798956318,0.4142874331348058,0.001109235329966567,0.001455736639423652,76.1975277620085,4785.156841039658
