id,n,v_1,v_2,v_3,v_4,v_5,k,r,seed,gens,algorithm,kind,p_1,p_2,p_3,p_4,p_5,p_6,p_7,p_8,p_9,p_10,optimised error,suzuki error,% error,time
19,5,0.999084104496638,0.2196479105213669,0.1592370069643183,0.7608713011021457,0.8513853262934397,3,25,678261680,500,CMAES,p concatenated,0.3741206918894862,0.37180758746494896,-0.48851097739951865,0.3725264064610436,0.37095842666819556,0.4120604981208642,0.41262823507000984,-0.6573986624541964,0.4160671714180697,0.41572869552029257,0.0016325248894773603,0.001971582749712095,82.8027578206268,7541.97074174881
