id,n,v_1,v_2,v_3,v_4,v_5,k,r,seed,gens,algorithm,kind,p_1,p_2,p_3,p_4,p_5,p_6,p_7,p_8,p_9,p_10,optimised error,suzuki error,% error,time
69,5,0.32903165430982395,0.4386599111472647,0.023996515473116764,-0.16497110482463473,0.21285257205184813,3,25,164252281,500,CMAES,p concatenated,0.37305309205689313,0.3730674589329458,-0.49225303826982647,0.37306366588168505,0.37307608042162793,0.41449339805460583,0.41448216934332466,-0.6579707905122782,0.4144901282412927,0.41449214894067443,0.0005491871291721498,0.0007881913458838373,69.67687884930017,4942.499472379684
