id,n,v_1,v_2,v_3,v_4,v_5,k,r,seed,gens,algorithm,kind,p_1,p_2,p_3,p_4,p_5,p_6,p_7,p_8,p_9,p_10,optimised error,suzuki error,% error,time
20,5,0.999084104496638,0.2196479105213669,0.1592370069643183,0.7608713011021457,0.8513853262934397,3,25,951689995,500,CMAES,p concatenated,0.35435665268208005,0.3771637872515768,-0.484158323558906,0.3924350549516017,0.3616838444272552,0.41793696234155703,0.40581764897083283,-0.6566864114596586,0.40727860733335275,0.4241615942329897,0.0013708649553443924,0.001971582749712095,69.53119038724478,6108.51010799408
