id,n,v_1,v_2,v_3,v_4,v_5,k,r,seed,gens,algorithm,kind,p_1,p_2,p_3,p_4,p_5,p_6,p_7,p_8,p_9,p_10,optimised error,suzuki error,% error,time
43,5,-0.7969527881951413,-0.20411592444163865,-0.6407052945809155,0.5440021214015651,0.6248807496122719,3,25,678261680,500,CMAES,p concatenated,0.37615019475515366,0.3730149721749965,-0.482340560610774,0.37307229836884914,0.3650533931988167,0.4079589706913871,0.4176755445062006,-0.6543650259227733,0.41510945246615466,0.4086741936210505,0.0019297975415343573,0.0025156881416418015,76.71052343852617,5247.692821741104
