id,n,v_1,v_2,v_3,v_4,v_5,k,r,seed,gens,algorithm,kind,p_1,p_2,p_3,p_4,p_5,p_6,p_7,p_8,p_9,p_10,optimised error,suzuki error,% error,time
10,5,0.09640984945486153,0.16554078304766007,-0.7392959233634115,-0.32963147600991705,-0.4714438567589781,3,50,678261680,500,CMAES,p concatenated,0.3730677429144299,0.3730620691264726,-0.49227307303628304,0.3730400114949338,0.3730746464699876,0.4144852455465237,0.41449880031782055,-0.6579447911187362,0.41449383951745694,0.41449539032897453,7.183788594026566e-06,1.5098618312021102e-05,47.57911250930181,7053.585101366043
