id,n,v_1,v_2,v_3,v_4,v_5,k,r,seed,gens,algorithm,kind,p_1,p_2,p_3,p_4,p_5,p_6,p_7,p_8,p_9,p_10,optimised error,suzuki error,% error,time
67,5,0.32903165430982395,0.4386599111472647,0.023996515473116764,-0.16497110482463473,0.21285257205184813,3,25,678261680,500,CMAES,p concatenated,0.3730581639004008,0.373075525433379,-0.49224782073573675,0.3730766687258241,0.37305615579429957,0.41449179147814685,0.41448816901450225,-0.6579618936756109,0.4144723404592253,0.41448521227314133,0.0005490202797386933,0.0007881913458838373,69.65571020359911,4693.525995492935
