id,n,v_1,v_2,v_3,v_4,v_5,k,r,seed,gens,algorithm,kind,p_1,p_2,p_3,p_4,p_5,p_6,p_7,p_8,p_9,p_10,optimised error,suzuki error,% error,time
35,5,0.9904540693410236,-0.24445041636106435,0.7955458787759091,0.4290968664437629,0.9265661436565148,3,50,951689995,500,CMAES,p concatenated,0.3730441554569998,0.3730589802098381,-0.49225298035098464,0.3730561952465903,0.3730621595991213,0.41449517222095156,0.41448024010744117,-0.6579447733619009,0.4144895360661242,0.4145111780096104,9.724992967425058e-06,2.1634524013248622e-05,44.95126845161758,5492.706862688065
