id,n,v_1,v_2,v_3,v_4,v_5,k,r,seed,gens,algorithm,kind,p_1,p_2,p_3,p_4,p_5,p_6,p_7,p_8,p_9,p_10,optimised error,suzuki error,% error,time
28,5,0.5462491563061158,-0.10068357262268468,0.6027915688719194,-0.2935004274862503,0.5026005440096201,3,50,678261680,500,CMAES,p concatenated,0.3730218069724259,0.3730550965640402,-0.4922479675751472,0.37305043476047534,0.37298753944955726,0.4144901069507864,0.4145400531506016,-0.6578902446784324,0.4145253056450743,0.4144679348484977,1.1350666208741248e-05,1.7942490309623318e-05,63.26137572248488,4793.0878348350525
