id,n,v_1,v_2,v_3,v_4,v_5,k,r,seed,gens,algorithm,kind,p_1,p_2,p_3,p_4,p_5,p_6,p_7,p_8,p_9,p_10,optimised error,suzuki error,% error,time
51,5,0.6097457122035289,0.05446644913523624,-0.6144938691814952,0.2639392982633204,0.803192227352991,3,25,164252281,500,CMAES,p concatenated,0.3623827315178131,0.39288320103531993,-0.5035745437532352,0.40433973222105335,0.35389110053839673,0.40296296684199934,0.4310617033211479,-0.652301618923955,0.39936348673830413,0.40908245337405,0.000694850217934958,0.0010403074923202897,66.79277262390681,6117.219576835632
