id,n,v_1,v_2,v_3,v_4,v_5,k,r,seed,gens,algorithm,kind,p_1,p_2,p_3,p_4,p_5,p_6,p_7,p_8,p_9,p_10,optimised error,suzuki error,% error,time
7,5,0.09640984945486153,0.16554078304766007,-0.7392959233634115,-0.32963147600991705,-0.4714438567589781,3,25,678261680,500,CMAES,p concatenated,0.37307464585629135,0.3731608511530367,-0.4922418490426286,0.3731357621508604,0.3730574881104962,0.41448333126943965,0.41448641891075777,-0.6580133714690408,0.41450860408437673,0.4143379575856711,0.0008053094870188975,0.0012259188188522324,65.69027855962511,5273.5965049266815
