id,n,v_1,v_2,v_3,v_4,v_5,k,r,seed,gens,algorithm,kind,p_1,p_2,p_3,p_4,p_5,p_6,p_7,p_8,p_9,p_10,optimised error,suzuki error,% error,time
21,5,0.999084104496638,0.2196479105213669,0.1592370069643183,0.7608713011021457,0.8513853262934397,3,25,164252281,500,CMAES,p concatenated,0.36824621599830437,0.382323582881852,-0.4854422507031882,0.3835265094086978,0.3615981981237289,0.41267641639018415,0.414117083482929,-0.6507214076561745,0.4070568742735949,0.4067098020004977,0.0013521754876773436,0.001971582749712095,68.58324804651481,5806.820441961288
