id,n,v_1,v_2,v_3,v_4,v_5,k,r,seed,gens,algorithm,kind,p_1,p_2,p_3,p_4,p_5,p_6,p_7,p_8,p_9,p_10,optimised error,suzuki error,% error,time
65,5,0.02902000307786645,-0.4152114361802653,0.9060357844471439,-0.7379464424503042,-0.5940617730831903,3,50,951689995,500,CMAES,p concatenated,0.37308867126101747,0.373057297234904,-0.4922853305753385,0.3730531345807334,0.37307105099082066,0.4144775091413499,0.41445645403659515,-0.6578783232132636,0.41449410848013696,0.41446535044386257,1.1957916123605356e-05,2.2571272264002337e-05,52.978476284991565,5646.145610809326
