id,n,v_1,v_2,v_3,v_4,v_5,k,r,seed,gens,algorithm,kind,p_1,p_2,p_3,p_4,p_5,p_6,p_7,p_8,p_9,p_10,optimised error,suzuki error,% error,time
61,5,0.02902000307786645,-0.4152114361802653,0.9060357844471439,-0.7379464424503042,-0.5940617730831903,3,25,678261680,500,CMAES,p concatenated,0.3697235382605653,0.37659359211651466,-0.49108245491865843,0.3742946405228075,0.3721485790384823,0.41659527574452176,0.4124034901919997,-0.6562630463252925,0.41192480298094486,0.41365123633769496,0.0016032286562584362,0.002165753681560127,74.02636181153947,5158.902978897095
