id,n,v_1,v_2,v_3,v_4,v_5,k,r,seed,gens,algorithm,kind,p_1,p_2,p_3,p_4,p_5,p_6,p_7,p_8,p_9,p_10,optimised error,suzuki error,% error,time
71,5,0.32903165430982395,0.4386599111472647,0.023996515473116764,-0.16497110482463473,0.21285257205184813,3,50,951689995,500,CMAES,p concatenated,0.3730525533593327,0.3730468938948156,-0.4922722963204425,0.3730420610837169,0.3730844385856844,0.41450996915502764,0.4144755979147686,-0.6579510974025147,0.41451866354022265,0.41449315950853594,5.422352229465369e-06,1.1690961025045833e-05,46.38072283235682,6014.697317123413
