id,n,v_1,v_2,v_3,v_4,v_5,k,r,seed,gens,algorithm,kind,p_1,p_2,p_3,p_4,p_5,p_6,p_7,p_8,p_9,p_10,optimised error,suzuki error,% error,time
32,5,0.9904540693410236,-0.24445041636106435,0.7955458787759091,0.4290968664437629,0.9265661436565148,3,25,951689995,500,CMAES,p concatenated,0.3128709412289551,0.36937060482003775,-0.45319342756772363,0.39670793702609236,0.3676246658564838,0.3913964686445445,0.45195426270265154,-0.6639354375467408,0.42536102781350194,0.40186866108908903,0.0014107059909793359,0.002788473837072265,50.59061240683883,4989.38113951683
