id,n,v_1,v_2,v_3,v_4,v_5,k,r,seed,gens,algorithm,kind,p_1,p_2,p_3,p_4,p_5,p_6,p_7,p_8,p_9,p_10,optimised error,suzuki error,% error,time
33,5,0.9904540693410236,-0.24445041636106435,0.7955458787759091,0.4290968664437629,0.9265661436565148,3,25,164252281,500,CMAES,p concatenated,0.3424905138841427,0.35896035660447984,-0.46026041568030734,0.4023902811829968,0.361228556956929,0.37615574433925336,0.46505727417155884,-0.661452573599741,0.4306796512602194,0.38475691919811034,0.0013788820855081111,0.002788473837072265,49.44934634767299,5037.811631202698
