id,n,v_1,v_2,v_3,v_4,v_5,k,r,seed,gens,algorithm,kind,p_1,p_2,p_3,p_4,p_5,p_6,p_7,p_8,p_9,p_10,optimised error,suzuki error,% error,time
68,5,0.32903165430982395,0.4386599111472647,0.023996515473116764,-0.16497110482463473,0.21285257205184813,3,25,951689995,500,CMAES,p concatenated,0.3730758223966119,0.3730662485910312,-0.4922562248675745,0.37306515569174953,0.37306547210241037,0.41449029870664644,0.4144877337575669,-0.6579645494117368,0.4144817134057171,0.4144826430528262,0.0005491833202338253,0.0007881913458838373,69.67639559883766,5095.012285709381
