id,n,v_1,v_2,v_3,v_4,v_5,k,r,seed,gens,algorithm,kind,p_1,p_2,p_3,p_4,p_5,p_6,p_7,p_8,p_9,p_10,optimised error,suzuki error,% error,time
41,5,-0.0868026827782653,0.9132962777942596,-0.7319367414760487,-0.3289493162632717,-0.5470920147217146,3,50,951689995,500,CMAES,p concatenated,0.3731593053183324,0.37296669130347665,-0.4923189647786108,0.37312688462609267,0.3729708731199588,0.41459981737954527,0.414517648456952,-0.6579182358961738,0.41441596802022823,0.41447996714758406,1.0543136960371694e-05,2.0849497822505176e-05,50.56782206519774,5504.682795763016
