id,n,v_1,v_2,v_3,v_4,v_5,k,r,seed,gens,algorithm,kind,p_1,p_2,p_3,p_4,p_5,p_6,p_7,p_8,p_9,p_10,optimised error,suzuki error,% error,time
57,5,-0.1433912950891727,0.931426958169144,-0.4432147075343016,0.2803608072686108,-0.4891034605552478,3,25,164252281,500,CMAES,p concatenated,0.37236656031507165,0.37266307279566085,-0.4886212935459155,0.37340842823412346,0.3730702544293486,0.4139238750005558,0.4140924370017924,-0.654299828380547,0.4121880778943033,0.41121136987855983,0.0011300492080445182,0.0017196121725423432,65.71535292017667,5069.79424405098
