id,n,v_1,v_2,v_3,v_4,v_5,k,r,seed,gens,algorithm,kind,p_1,p_2,p_3,p_4,p_5,p_6,p_7,p_8,p_9,p_10,optimised error,suzuki error,% error,time
6,5,-0.10697142702071627,0.529058605311209,0.5043258788245542,-0.3482646246706034,-0.9502583693259468,3,50,164252281,500,CMAES,p concatenated,0.3735897993638553,0.3734360131518153,-0.4928638161439839,0.3725608387562899,0.37310410258915233,0.41463134839070254,0.41434517287558426,-0.6580511992077815,0.4147319612246007,0.41451573521199336,7.043900695083552e-06,1.3184308859241933e-05,53.426393224593795,4995.043121576309
