id,n,v_1,v_2,v_3,v_4,v_5,k,r,seed,gens,algorithm,kind,p_1,p_2,p_3,p_4,p_5,p_6,p_7,p_8,p_9,p_10,optimised error,suzuki error,% error,time
2,5,-0.10697142702071627,0.529058605311209,0.5043258788245542,-0.3482646246706034,-0.9502583693259468,3,25,951689995,500,CMAES,p concatenated,0.37231195497674296,0.37134877795852644,-0.49082216275365864,0.3724004823697892,0.37411708540272487,0.4147243825168224,0.4158068996952409,-0.6578985293539074,0.4150461549031614,0.4129590792516849,0.001118167835029759,0.0012832600597870716,87.1349362509805,5317.4658806324005
