id,n,v_1,v_2,v_3,v_4,v_5,k,r,seed,gens,algorithm,kind,p_1,p_2,p_3,p_4,p_5,p_6,p_7,p_8,p_9,p_10,optimised error,suzuki error,% error,time
47,5,-0.7969527881951413,-0.20411592444163865,-0.6407052945809155,0.5440021214015651,0.6248807496122719,3,50,951689995,500,CMAES,p concatenated,0.37294587414374464,0.3729514146508459,-0.4923761964915043,0.3733104065528098,0.3729808176082061,0.4145329573029077,0.4145120038095717,-0.6580384553011653,0.4145517588705631,0.41462933549006553,1.0219023305383802e-05,1.7750602199923704e-05,57.57000912018481,5857.7641685009
