id,n,v_1,v_2,v_3,v_4,v_5,k,r,seed,gens,algorithm,kind,p_1,p_2,p_3,p_4,p_5,p_6,p_7,p_8,p_9,p_10,optimised error,suzuki error,% error,time
42,5,-0.0868026827782653,0.9132962777942596,-0.7319367414760487,-0.3289493162632717,-0.5470920147217146,3,50,164252281,500,CMAES,p concatenated,0.3730430862495364,0.37310321893988757,-0.49231693831208573,0.3730216773717451,0.3730170773055152,0.41449291802494087,0.4145114531367624,-0.657942196231533,0.41447364873571235,0.41459601850566685,1.0525978951357015e-05,2.0849497822505176e-05,50.485527473928684,5383.2093069553375
