id,n,v_1,v_2,v_3,v_4,v_5,k,r,seed,gens,algorithm,kind,p_1,p_2,p_3,p_4,p_5,p_6,p_7,p_8,p_9,p_10,optimised error,suzuki error,% error,time
54,5,0.6097457122035289,0.05446644913523624,-0.6144938691814952,0.2639392982633204,0.803192227352991,3,50,164252281,500,CMAES,p concatenated,0.372989063176455,0.373166828831268,-0.4924561546148206,0.37305190205640154,0.3730377987736761,0.4144900789312961,0.4145528954784738,-0.6580500284401174,0.4145905951465115,0.41462700257688584,7.3012481333571935e-06,1.3417748172183983e-05,54.4148544127042,5461.880073547363
