id,n,v_1,v_2,v_3,v_4,v_5,k,r,seed,gens,algorithm,kind,p_1,p_2,p_3,p_4,p_5,p_6,p_7,p_8,p_9,p_10,optimised error,suzuki error,% error,time
50,5,0.6097457122035289,0.05446644913523624,-0.6144938691814952,0.2639392982633204,0.803192227352991,3,25,951689995,500,CMAES,p concatenated,0.3647293089987393,0.3756295279715598,-0.48798392383691275,0.3824977148593344,0.35794233205157916,0.4089467014075197,0.4195199828425696,-0.6636401207995073,0.43972221805606787,0.40268038339866236,0.0007355182389504528,0.0010403074923202897,70.70200343457698,5261.5752165317535
