id,n,v_1,v_2,v_3,v_4,v_5,k,r,seed,gens,algorithm,kind,p_1,p_2,p_3,p_4,p_5,p_6,p_7,p_8,p_9,p_10,optimised error,suzuki error,% error,time
37,5,-0.0868026827782653,0.9132962777942596,-0.7319367414760487,-0.3289493162632717,-0.5470920147217146,3,25,678261680,500,CMAES,p concatenated,0.3511132385661887,0.402881816958955,-0.48543801790290153,0.40129648339559354,0.3442169011709835,0.3885955252785483,0.4403798498112523,-0.6501314005755309,0.4131911135408171,0.3940747427418996,0.001073998113293894,0.001868213245616913,57.487983013376144,5039.071407079697
