id,n,v_1,v_2,v_3,v_4,v_5,k,r,seed,gens,algorithm,kind,p_1,p_2,p_3,p_4,p_5,p_6,p_7,p_8,p_9,p_10,optimised error,suzuki error,% error,time
70,5,0.32903165430982395,0.4386599111472647,0.023996515473116764,-0.16497110482463473,0.21285257205184813,3,50,678261680,500,CMAES,p concatenated,0.3730526412058834,0.37305841188326117,-0.49226980802114917,0.3730698986408369,0.3730554007359164,0.41449699783989213,0.4144946648570372,-0.6579423474970526,0.4144861090518229,0.4144979734821831,5.4200658057997435e-06,1.1690961025045833e-05,46.3611656406022,5397.071720600128
