id,n,v_1,v_2,v_3,v_4,v_5,k,r,seed,gens,algorithm,kind,p_1,p_2,p_3,p_4,p_5,p_6,p_7,p_8,p_9,p_10,optimised error,suzuki error,% error,time
15,5,-0.14148262945720247,0.4992799373516386,-0.8450044399089445,0.5629205826890511,-0.6166066469120175,3,25,164252281,500,CMAES,p concatenated,0.37149537111122827,0.3746005184483736,-0.4873953298215176,0.37158739163394533,0.37312016910805396,0.41138655552942976,0.41564305129850254,-0.6538973598505342,0.4143761182329476,0.40908561018266243,0.0013418265975757235,0.002119275280132063,63.31535172212774,5333.346549510956
