id,n,v_1,v_2,v_3,v_4,v_5,k,r,seed,gens,algorithm,kind,p_1,p_2,p_3,p_4,p_5,optimised error,suzuki error,% error,time
136,5,-0.14148262945720247,0.4992799373516386,-0.8450044399089445,0.5629205826890511,-0.6166066469120175,2,75,6016665,250,CMAES,p,0.4130740131357366,0.4127104532339637,-0.6539937554560745,0.41425199382768113,0.4139365039180426,0.0019314671729435645,0.006164282866668276,31.333201521096,847.225323677063
137,5,-0.14148262945720247,0.4992799373516386,-0.8450044399089445,0.5629205826890511,-0.6166066469120175,2,75,6335549,250,CMAES,p,0.41505519281791076,0.4094742732608036,-0.6540320169615707,0.41608806948530425,0.413393717548723,0.0019315318395652264,0.006164282866668276,31.33425057453921,851.0672149658203
138,5,-0.14148262945720247,0.4992799373516386,-0.8450044399089445,0.5629205826890511,-0.6166066469120175,2,75,6387322,250,CMAES,p,0.41276185903275797,0.41154704400635456,-0.6540104571649846,0.4162616842504343,0.4134190570013013,0.0019319466979883923,0.006164282866668276,31.340980610005445,851.0462284088135
139,5,-0.14148262945720247,0.4992799373516386,-0.8450044399089445,0.5629205826890511,-0.6166066469120175,2,75,7588418,250,CMAES,p,0.4164017096043086,0.4122177006605173,-0.6540259331147182,0.4105710113001132,0.41481483188880747,0.0019334938867239437,0.006164282866668276,31.366079859488583,850.8564105033875
140,5,-0.14148262945720247,0.4992799373516386,-0.8450044399089445,0.5629205826890511,-0.6166066469120175,2,75,7822578,250,CMAES,p,0.4095029375229442,0.4149014345910096,-0.6540258024706371,0.41294173498717585,0.4166590935659465,0.0019463408652140915,0.006164282866668276,31.574489803808536,849.7330365180969
