id,n,v_1,v_2,v_3,v_4,v_5,k,r,seed,gens,algorithm,kind,p_1,p_2,p_3,p_4,p_5,optimised error,suzuki error,% error,time
156,5,-0.14148262945720247,0.4992799373516386,-0.8450044399089445,0.5629205826890511,-0.6166066469120175,2,125,1552725,250,CMAES,p,0.4141435711187295,0.41479562199632447,-0.6564086194029469,0.41353580491746766,0.41393062270050335,0.00026697431894121676,0.0008516452848824616,31.348065172234563,591.43359208107
157,5,-0.14148262945720247,0.4992799373516386,-0.8450044399089445,0.5629205826890511,-0.6166066469120175,2,125,1813704,250,CMAES,p,0.41382618935454796,0.41405035608946283,-0.6564082613913633,0.4146189556479402,0.4139097599220046,0.0002669198448991598,0.0008516452848824616,31.341668842327742,595.074241399765
158,5,-0.14148262945720247,0.4992799373516386,-0.8450044399089445,0.5629205826890511,-0.6166066469120175,2,125,2259964,250,CMAES,p,0.41208857320098613,0.41449610186726654,-0.6564128523610328,0.41484047318790895,0.41498472381146156,0.0002681598035612426,0.0008516452848824616,31.48726451274279,595.7183225154877
159,5,-0.14148262945720247,0.4992799373516386,-0.8450044399089445,0.5629205826890511,-0.6166066469120175,2,125,2422921,250,CMAES,p,0.41511700946147545,0.41207500682023007,-0.6564171355327553,0.415133250685887,0.41408887150516566,0.0002670295285751602,0.0008516452848824616,31.354547875177147,593.4153895378113
160,5,-0.14148262945720247,0.4992799373516386,-0.8450044399089445,0.5629205826890511,-0.6166066469120175,2,125,3488656,250,CMAES,p,0.4144226939532121,0.41400656901953703,-0.6564081533297461,0.4144243751608411,0.41355151685241764,0.00026701879826234294,0.0008516452848824616,31.353287924231868,593.1819880008698
