id,n,v_1,v_2,v_3,v_4,v_5,k,r,seed,gens,algorithm,kind,p_1,p_2,p_3,p_4,p_5,optimised error,suzuki error,% error,time
51,5,-0.10697142702071627,0.529058605311209,0.5043258788245542,-0.3482646246706034,-0.9502583693259468,2,125,7913248,250,CMAES,p,0.41432918901330584,0.41469224699135376,-0.6567967996936432,0.41358275090689295,0.41419045687623485,0.00025644586415410917,0.0005549036080590062,46.21448850389161,675.1400678157806
52,5,-0.10697142702071627,0.529058605311209,0.5043258788245542,-0.3482646246706034,-0.9502583693259468,2,125,8597652,250,CMAES,p,0.4125996868704142,0.41493863000930675,-0.6568003547191684,0.41467903272880274,0.4145808520759897,0.00025663117970749563,0.0005549036080590062,46.24788449387889,680.4941883087158
53,5,-0.10697142702071627,0.529058605311209,0.5043258788245542,-0.3482646246706034,-0.9502583693259468,2,125,8805269,250,CMAES,p,0.41445241301475233,0.41381980527852313,-0.6567974615834835,0.41366730732035645,0.4148557804036167,0.0002564466861902188,0.0005549036080590062,46.21463664423485,678.3110506534576
54,5,-0.10697142702071627,0.529058605311209,0.5043258788245542,-0.3482646246706034,-0.9502583693259468,2,125,8996026,250,CMAES,p,0.41461742500631277,0.413614834900716,-0.6567970881528351,0.41395250009233103,0.41461017247428517,0.0002564390426769362,0.0005549036080590062,46.21325919540021,677.9221091270447
55,5,-0.10697142702071627,0.529058605311209,0.5043258788245542,-0.3482646246706034,-0.9502583693259468,2,125,9001963,250,CMAES,p,0.4146323400023529,0.41366597881120587,-0.6567967700000498,0.4143293757116056,0.4141669195868787,0.0002564424976878885,0.0005549036080590062,46.213881828034445,677.5638661384583
