id,n,v_1,v_2,v_3,v_4,v_5,k,r,seed,gens,algorithm,kind,p_1,p_2,p_3,p_4,p_5,optimised error,suzuki error,% error,time
266,5,0.5462491563061158,-0.10068357262268468,0.6027915688719194,-0.2935004274862503,0.5026005440096201,2,75,9555957,250,CMAES,p,0.4139768472421809,0.41312368063181376,-0.6533537993687197,0.41189614418500264,0.41435289950261106,0.002053865204701127,0.004659669690559352,44.077484909763605,601.7179057598114
267,5,0.5462491563061158,-0.10068357262268468,0.6027915688719194,-0.2935004274862503,0.5026005440096201,2,75,9809859,250,CMAES,p,0.41445974167002275,0.4129640507406959,-0.6533484882868016,0.4130402694567227,0.41288020121705415,0.0020546671631488937,0.004659669690559352,44.094695538435246,605.3372437953949
268,5,0.5462491563061158,-0.10068357262268468,0.6027915688719194,-0.2935004274862503,0.5026005440096201,2,75,9869527,250,CMAES,p,0.4141574185699691,0.4141536984842624,-0.6533478215437528,0.4127204518480019,0.4123120325206318,0.0020554045764014334,0.004659669690559352,44.110520978895835,607.4176096916199
269,5,0.5462491563061158,-0.10068357262268468,0.6027915688719194,-0.2935004274862503,0.5026005440096201,2,75,9926156,250,CMAES,p,0.415234868333541,0.41241091989583356,-0.6533673789503275,0.41126263349701986,0.4144547263304176,0.0020529593318519023,0.004659669690559352,44.058044200241646,614.6381523609161
270,5,0.5462491563061158,-0.10068357262268468,0.6027915688719194,-0.2935004274862503,0.5026005440096201,2,75,9962042,250,CMAES,p,0.40967310581812,0.41185768974143594,-0.6533930243959137,0.4152752994599058,0.41658269439790635,0.002057607842763418,0.004659669690559352,44.1578047244894,615.8454446792603
