id,n,v_1,v_2,v_3,v_4,v_5,k,r,seed,gens,algorithm,kind,p_1,p_2,p_3,p_4,p_5,optimised error,suzuki error,% error,time
16,5,-0.10697142702071627,0.529058605311209,0.5043258788245542,-0.3482646246706034,-0.9502583693259468,2,75,6016665,250,CMAES,p,0.41611703547743895,0.41060628912937297,-0.6550075493512237,0.41435401344586503,0.4139147459449453,0.0018591564497352658,0.004040300247899568,46.01530420175545,613.8899552822113
17,5,-0.10697142702071627,0.529058605311209,0.5043258788245542,-0.3482646246706034,-0.9502583693259468,2,75,6335549,250,CMAES,p,0.41408067540890997,0.41075071017754694,-0.6550015867337902,0.4147015047753085,0.4154532368469423,0.0018596430973991025,0.004040300247899568,46.027349040851,619.668420791626
18,5,-0.10697142702071627,0.529058605311209,0.5043258788245542,-0.3482646246706034,-0.9502583693259468,2,75,6387322,250,CMAES,p,0.4121491378042773,0.41441432300242287,-0.6551708697956409,0.40645937546944544,0.42213272369065014,0.001866302255293892,0.004040300247899568,46.19216743270817,619.1807076931
19,5,-0.10697142702071627,0.529058605311209,0.5043258788245542,-0.3482646246706034,-0.9502583693259468,2,75,7588418,250,CMAES,p,0.41448375528285225,0.4129627443899,-0.6549864563910855,0.413236447838542,0.41428802913894686,0.0018590187123395682,0.004040300247899568,46.01189511363708,618.4990773200989
20,5,-0.10697142702071627,0.529058605311209,0.5043258788245542,-0.3482646246706034,-0.9502583693259468,2,75,7822578,250,CMAES,p,0.4134164780470317,0.41608616290267625,-0.654993524097476,0.4125634174976368,0.4129119740111039,0.0018598162141368038,0.004040300247899568,46.03163379017851,617.2028384208679
