id,n,v_1,v_2,v_3,v_4,v_5,k,r,seed,gens,algorithm,kind,p_1,p_2,p_3,p_4,p_5,optimised error,suzuki error,% error,time
226,5,0.999084104496638,0.2196479105213669,0.1592370069643183,0.7608713011021457,0.8513853262934397,2,125,6016665,250,CMAES,p,0.41501374403758645,0.4139645623673514,-0.6568818293897577,0.4134286322824936,0.4144730977964933,0.00024270779395390018,0.0005282017139333929,45.949830822492565,691.222154378891
227,5,0.999084104496638,0.2196479105213669,0.1592370069643183,0.7608713011021457,0.8513853262934397,2,125,6335549,250,CMAES,p,0.41397760756454377,0.4134493302088613,-0.656881477566893,0.41450954709886273,0.41494320007567576,0.00024273518197428772,0.0005282017139333929,45.955015966664774,694.0455341339111
228,5,0.999084104496638,0.2196479105213669,0.1592370069643183,0.7608713011021457,0.8513853262934397,2,125,6387322,250,CMAES,p,0.4142766744713997,0.4131416107975276,-0.6568824214474265,0.4149635309062628,0.41449881203173616,0.00024271721511303412,0.0005282017139333929,45.951614451527725,695.8852789402008
229,5,0.999084104496638,0.2196479105213669,0.1592370069643183,0.7608713011021457,0.8513853262934397,2,125,7588418,250,CMAES,p,0.41424175509192795,0.41439691253179795,-0.6568797630827883,0.41431732706497576,0.4139219747231787,0.0002427164357109162,0.0005282017139333929,45.95146689386228,704.6597292423248
230,5,0.999084104496638,0.2196479105213669,0.1592370069643183,0.7608713011021457,0.8513853262934397,2,125,7822578,250,CMAES,p,0.41298963751233936,0.4147117135326231,-0.6568865456466476,0.4135350766355168,0.4156483245832667,0.00024282644945389987,0.0005282017139333929,45.97229487303797,706.9094696044922
