id,n,v_1,v_2,v_3,v_4,v_5,k,r,seed,gens,algorithm,kind,p_1,p_2,p_3,p_4,p_5,optimised error,suzuki error,% error,time
46,5,-0.10697142702071627,0.529058605311209,0.5043258788245542,-0.3482646246706034,-0.9502583693259468,2,125,6016665,250,CMAES,p,0.41480129996022524,0.41372571882835013,-0.6567973025380274,0.41380515427604664,0.4144629738520273,0.0002564444310527174,0.0005549036080590062,46.21423024257001,689.976466178894
47,5,-0.10697142702071627,0.529058605311209,0.5043258788245542,-0.3482646246706034,-0.9502583693259468,2,125,6335549,250,CMAES,p,0.41453815213025413,0.41336285444887977,-0.6567978202832135,0.4143510274095161,0.414543630378793,0.00025644236281426524,0.0005549036080590062,46.213857522259296,696.8575546741486
48,5,-0.10697142702071627,0.529058605311209,0.5043258788245542,-0.3482646246706034,-0.9502583693259468,2,125,6387322,250,CMAES,p,0.41383748427802924,0.414772573919313,-0.6567979074740131,0.4133830352126086,0.41480265859521953,0.0002564609354264305,0.0005549036080590062,46.217204520169474,692.8931901454926
49,5,-0.10697142702071627,0.529058605311209,0.5043258788245542,-0.3482646246706034,-0.9502583693259468,2,125,7588418,250,CMAES,p,0.4148497355777406,0.4141056912380384,-0.6567971226936218,0.4135154212385065,0.41432411945918246,0.00025646258905884055,0.0005549036080590062,46.21750252371207,692.5753781795502
50,5,-0.10697142702071627,0.529058605311209,0.5043258788245542,-0.3482646246706034,-0.9502583693259468,2,125,7822578,250,CMAES,p,0.41348547068424707,0.4146496162781328,-0.6567968512796566,0.41411164114945265,0.41454796779812575,0.00025648328971838454,0.0005549036080590062,46.22123302018811,693.4609031677246
