id,n,v_1,v_2,v_3,v_4,v_5,k,r,seed,gens,algorithm,kind,p_1,p_2,p_3,p_4,p_5,optimised error,suzuki error,% error,time
11,5,-0.10697142702071627,0.529058605311209,0.5043258788245542,-0.3482646246706034,-0.9502583693259468,2,75,3648721,250,CMAES,p,0.4127531956118627,0.413316702392401,-0.6549972848939783,0.41648906291468096,0.4124228208351654,0.0018598857181692133,0.004040300247899568,46.03335405917203,630.3729197978973
12,5,-0.10697142702071627,0.529058605311209,0.5043258788245542,-0.3482646246706034,-0.9502583693259468,2,75,3679669,250,CMAES,p,0.4167324727869152,0.4141124361112846,-0.6550024437388764,0.41391445018753237,0.4102276976180026,0.001864441254287491,0.004040300247899568,46.14610647455615,637.8259310722351
13,5,-0.10697142702071627,0.529058605311209,0.5043258788245542,-0.3482646246706034,-0.9502583693259468,2,75,3901933,250,CMAES,p,0.4184292950028996,0.4099741708195794,-0.6550445343972265,0.41527307853201667,0.4113525962498634,0.0018632045785896925,0.004040300247899568,46.115497964744506,637.1051888465881
14,5,-0.10697142702071627,0.529058605311209,0.5043258788245542,-0.3482646246706034,-0.9502583693259468,2,75,5560785,250,CMAES,p,0.4145789040686337,0.4136284602521486,-0.6549876127589195,0.41248188028297905,0.4142828900822099,0.0018590479376701912,0.004040300247899568,46.01261845915177,635.2047221660614
15,5,-0.10697142702071627,0.529058605311209,0.5043258788245542,-0.3482646246706034,-0.9502583693259468,2,75,5692317,250,CMAES,p,0.41499632468367986,0.4120248587969947,-0.6549947971828498,0.41532861174864333,0.41262952165644795,0.0018596590230713346,0.004040300247899568,46.02774321136445,640.4470043182373
