id,n,v_1,v_2,v_3,v_4,v_5,k,r,seed,gens,algorithm,kind,p_1,p_2,p_3,p_4,p_5,optimised error,suzuki error,% error,time
251,5,0.5462491563061158,-0.10068357262268468,0.6027915688719194,-0.2935004274862503,0.5026005440096201,2,75,3648721,250,CMAES,p,0.4200845116362184,0.4192682802737038,-0.6536938773236208,0.40210686949453084,0.4122299218343523,0.0020582343645657313,0.004659669690559352,44.17125035140975,615.9872045516968
252,5,0.5462491563061158,-0.10068357262268468,0.6027915688719194,-0.2935004274862503,0.5026005440096201,2,75,3679669,250,CMAES,p,0.4152160957914614,0.4127517485758718,-0.6533668520426632,0.41110543882554884,0.414289334645288,0.002053112963512079,0.004659669690559352,44.061341250684684,616.4985003471375
253,5,0.5462491563061158,-0.10068357262268468,0.6027915688719194,-0.2935004274862503,0.5026005440096201,2,75,3901933,250,CMAES,p,0.4166976446117875,0.40943232874491403,-0.6534449221510336,0.41009404866977067,0.41721665296848554,0.0020502777937534064,0.004659669690559352,44.00049638512658,616.3920161724091
254,5,0.5462491563061158,-0.10068357262268468,0.6027915688719194,-0.2935004274862503,0.5026005440096201,2,75,5560785,250,CMAES,p,0.40837860142657156,0.4165706213183036,-0.653797616505564,0.42599085345996973,0.4028532694185279,0.0020710860810632466,0.004659669690559352,44.44705780882574,615.7143893241882
255,5,0.5462491563061158,-0.10068357262268468,0.6027915688719194,-0.2935004274862503,0.5026005440096201,2,75,5692317,250,CMAES,p,0.41791385034184964,0.41567256748499126,-0.6534300716675161,0.4104189961872499,0.4094204059804412,0.002058166986978702,0.004659669690559352,44.16980437795018,614.134090423584
