id,n,v_1,v_2,v_3,v_4,v_5,v_6,v_7,k,r,seed,gens,algorithm,kind
1,7,-0.10697142702071627,0.529058605311209,0.5043258788245542,-0.3482646246706034,-0.9502583693259468,0.09640984945486153,0.16554078304766007,2,100,568421788,250,CMAES,p
2,7,-0.10697142702071627,0.529058605311209,0.5043258788245542,-0.3482646246706034,-0.9502583693259468,0.09640984945486153,0.16554078304766007,2,100,629853408,250,CMAES,p
3,7,-0.10697142702071627,0.529058605311209,0.5043258788245542,-0.3482646246706034,-0.9502583693259468,0.09640984945486153,0.16554078304766007,2,100,204586338,250,CMAES,p
4,7,-0.7392959233634115,-0.32963147600991705,-0.47144385675897804,-0.14148262945720247,0.49927993735163856,-0.8450044399089445,0.5629205826890511,2,100,568421788,250,CMAES,p
5,7,-0.7392959233634115,-0.32963147600991705,-0.47144385675897804,-0.14148262945720247,0.49927993735163856,-0.8450044399089445,0.5629205826890511,2,100,629853408,250,CMAES,p
6,7,-0.7392959233634115,-0.32963147600991705,-0.47144385675897804,-0.14148262945720247,0.49927993735163856,-0.8450044399089445,0.5629205826890511,2,100,204586338,250,CMAES,p
7,7,-0.6166066469120175,0.9990841044966379,0.2196479105213669,0.1592370069643183,0.7608713011021457,0.8513853262934397,0.5462491563061158,2,100,568421788,250,CMAES,p
8,7,-0.6166066469120175,0.9990841044966379,0.2196479105213669,0.1592370069643183,0.7608713011021457,0.8513853262934397,0.5462491563061158,2,100,629853408,250,CMAES,p
9,7,-0.6166066469120175,0.9990841044966379,0.2196479105213669,0.1592370069643183,0.7608713011021457,0.8513853262934397,0.5462491563061158,2,100,204586338,250,CMAES,p
